Class,Order,Family,Species
Actinopterygii,Acipenseriformes,Acipenseridae,Acipenser brevirostrum
Actinopterygii,Acipenseriformes,Acipenseridae,Acipenser fulvescens
Actinopterygii,Acipenseriformes,Acipenseridae,Acipenser medirostris
Actinopterygii,Acipenseriformes,Acipenseridae,Acipenser oxyrinchus
Actinopterygii,Acipenseriformes,Acipenseridae,Acipenser transmontanus
Actinopterygii,Acipenseriformes,Polyodontidae,Polyodon spathula
Actinopterygii,Albuliformes,Albulidae,Albula vulpes
Actinopterygii,Amiiformes,Amiidae,Amia calva
Actinopterygii,Anguilliformes,Anguillidae,Anguilla anguilla
Actinopterygii,Anguilliformes,Anguillidae,Anguilla rostrata
Actinopterygii,Anguilliformes,Colocongridae,Thalassenchelys coheni
Actinopterygii,Anguilliformes,Congridae,Ariosoma anale
Actinopterygii,Anguilliformes,Congridae,Ariosoma balearicum
Actinopterygii,Anguilliformes,Congridae,Conger oceanicus
Actinopterygii,Anguilliformes,Congridae,Heteroconger luteolus
Actinopterygii,Anguilliformes,Congridae,Paraconger caudilimbatus
Actinopterygii,Anguilliformes,Congridae,Pseudophichthys splendens
Actinopterygii,Anguilliformes,Congridae,Rhynchoconger flavus
Actinopterygii,Anguilliformes,Congridae,Rhyncoconger flavus
Actinopterygii,Anguilliformes,Congridae,Uroconger syringinus
Actinopterygii,Anguilliformes,Congridae,Xenomystax atrarius
Actinopterygii,Anguilliformes,Congridae,Xenomystax congroides
Actinopterygii,Anguilliformes,Derichthyidae,Derichthys serpentinus
Actinopterygii,Anguilliformes,Derichthyidae,Nessorhamphus ingolfianus
Actinopterygii,Anguilliformes,Moringuidae,Moringua edwardsi
Actinopterygii,Anguilliformes,Moringuidae,Neoconger mucronatus
Actinopterygii,Anguilliformes,Muraenidae,Anarchias similis
Actinopterygii,Anguilliformes,Muraenidae,Gymnothorax conspersus
Actinopterygii,Anguilliformes,Muraenidae,Gymnothorax funebris
Actinopterygii,Anguilliformes,Nemichthyidae,Avocettina infans
Actinopterygii,Anguilliformes,Nemichthyidae,Labichthys carinatus
Actinopterygii,Anguilliformes,Nemichthyidae,Nemichthys larseni
Actinopterygii,Anguilliformes,Nemichthyidae,Nemichthys scolopaceus
Actinopterygii,Anguilliformes,Nettastomatidae,Hoplunnis macrura
Actinopterygii,Anguilliformes,Nettastomatidae,Hoplunnis tenuis
Actinopterygii,Anguilliformes,Nettastomatidae,Nettastoma melanurum
Actinopterygii,Anguilliformes,Nettastomatidae,Venefica ocella
Actinopterygii,Anguilliformes,Nettastomatidae,Venefica procera
Actinopterygii,Anguilliformes,Nettastomatidae,Venefica tentaculata
Actinopterygii,Anguilliformes,Ophichthidae,Ahlia egmontis
Actinopterygii,Anguilliformes,Ophichthidae,Apterichtus ansp
Actinopterygii,Anguilliformes,Ophichthidae,Bascanichthys bascanium
Actinopterygii,Anguilliformes,Ophichthidae,Callechelys muraena
Actinopterygii,Anguilliformes,Ophichthidae,Gordiichthys irretitus
Actinopterygii,Anguilliformes,Ophichthidae,Gordiichthys leibyi
Actinopterygii,Anguilliformes,Ophichthidae,Letharchus aliculatus
Actinopterygii,Anguilliformes,Ophichthidae,Myrichthys breviceps
Actinopterygii,Anguilliformes,Ophichthidae,Myrophis platyrhynchus
Actinopterygii,Anguilliformes,Ophichthidae,Myrophis punctatus
Actinopterygii,Anguilliformes,Ophichthidae,Ophichthus cruentifer
Actinopterygii,Anguilliformes,Ophichthidae,Ophichthus gomesii
Actinopterygii,Anguilliformes,Ophichthidae,Ophichthus puncticeps
Actinopterygii,Anguilliformes,Serrivomeridae,Serrivomer beanii
Actinopterygii,Anguilliformes,Serrivomeridae,Serrivomer brevidentatus
Actinopterygii,Anguilliformes,Serrivomeridae,Serrivomer jesperseni
Actinopterygii,Anguilliformes,Serrivomeridae,Serrivomer lanceolatoides
Actinopterygii,Anguilliformes,Serrivomeridae,Serrivomer parabeani
Actinopterygii,Anguilliformes,Synaphobranchidae,Histiobranchus bathybius
Actinopterygii,Anguilliformes,Synaphobranchidae,Ilyophis brunneus
Actinopterygii,Anguilliformes,Synaphobranchidae,Simenchelys parasitica
Actinopterygii,Anguilliformes,Synaphobranchidae,Synaphobranchus affinis
Actinopterygii,Anguilliformes,Synaphobranchidae,Synaphobranchus kaupii
Actinopterygii,Anguilliformes,Synaphobranchidae,Synaphobranchus pinnatus
Actinopterygii,Argentiniformes,Bathylagidae,Bathylagoides nigrigenys
Actinopterygii,Argentiniformes,Bathylagidae,Leuroglossus stilbius
Actinopterygii,Atheriniformes,Atherinopsidae,Atherinops affinis
Actinopterygii,Atheriniformes,Atherinopsidae,Labidesthes sicculus
Actinopterygii,Atheriniformes,Atherinopsidae,Menidia menidia
Actinopterygii,Aulopiformes,Alepisauridae,Alepisaurus brevirostris
Actinopterygii,Aulopiformes,Alepisauridae,Alepisaurus ferox
Actinopterygii,Aulopiformes,Anotopteridae,Anotopterus nikparini
Actinopterygii,Aulopiformes,Anotopteridae,Anotopterus pharao
Actinopterygii,Aulopiformes,Chlorophthalmidae,Chlorophthalmus agassizi
Actinopterygii,Aulopiformes,Chlorophthalmidae,Parasudis truculenta
Actinopterygii,Aulopiformes,Evermannellidae,Coccorella atlantica
Actinopterygii,Aulopiformes,Evermannellidae,Evermannella balbo
Actinopterygii,Aulopiformes,Evermannellidae,Evermannella indica
Actinopterygii,Aulopiformes,Evermannellidae,Evermannella melanoderma
Actinopterygii,Aulopiformes,Ipnopidae,Bathypterois dubius
Actinopterygii,Aulopiformes,Ipnopidae,Bathypterois grallator
Actinopterygii,Aulopiformes,Ipnopidae,Bathypterois longifilis
Actinopterygii,Aulopiformes,Ipnopidae,Bathypterois longipes
Actinopterygii,Aulopiformes,Ipnopidae,Bathypterois phenax
Actinopterygii,Aulopiformes,Ipnopidae,Bathypterois quadrifilis
Actinopterygii,Aulopiformes,Ipnopidae,Bathypterois viridensis
Actinopterygii,Aulopiformes,Ipnopidae,Bathytyphlops marionae
Actinopterygii,Aulopiformes,Notosudidae,Ahliesaurus berryi
Actinopterygii,Aulopiformes,Notosudidae,Scopelosaurus argenteus
Actinopterygii,Aulopiformes,Notosudidae,Scopelosaurus harryi
Actinopterygii,Aulopiformes,Notosudidae,Scopelosaurus lepidus
Actinopterygii,Aulopiformes,Notosudidae,Scopelosaurus mauli
Actinopterygii,Aulopiformes,Notosudidae,Scopelosaurus smithii
Actinopterygii,Aulopiformes,Omosudidae,Omosudis lowii
Actinopterygii,Aulopiformes,Paralepididae,Arctozenus risso
Actinopterygii,Aulopiformes,Paralepididae,Lestidiops affinis
Actinopterygii,Aulopiformes,Paralepididae,Lestidiops jayakari
Actinopterygii,Aulopiformes,Paralepididae,Lestidiops ringens
Actinopterygii,Aulopiformes,Paralepididae,Lestidium atlanticum
Actinopterygii,Aulopiformes,Paralepididae,Lestrolepis intermedia
Actinopterygii,Aulopiformes,Paralepididae,Macroparalepis affinis
Actinopterygii,Aulopiformes,Paralepididae,Macroparalepis brevis
Actinopterygii,Aulopiformes,Paralepididae,Magnisudis atlantica
Actinopterygii,Aulopiformes,Paralepididae,Paralepis brevirostris
Actinopterygii,Aulopiformes,Paralepididae,Paralepis coregonides
Actinopterygii,Aulopiformes,Paralepididae,Paralepis coregonoides
Actinopterygii,Aulopiformes,Paralepididae,Paralepis elongata
Actinopterygii,Aulopiformes,Paralepididae,Stemonosudis intermedia
Actinopterygii,Aulopiformes,Paralepididae,Sudis hyalina
Actinopterygii,Aulopiformes,Paralepididae,Uncisudis advena
Actinopterygii,Aulopiformes,Paralepididae,Uncisudis longirostra
Actinopterygii,Aulopiformes,Scopelarchidae,Benthalbella dentata
Actinopterygii,Aulopiformes,Scopelarchidae,Benthalbella infans
Actinopterygii,Aulopiformes,Scopelarchidae,Benthalbella linguidens
Actinopterygii,Aulopiformes,Scopelarchidae,Scopelarchoides danae
Actinopterygii,Aulopiformes,Scopelarchidae,Scopelarchus analis
Actinopterygii,Aulopiformes,Scopelarchidae,Scopelarchus michaelsarsi
Actinopterygii,Aulopiformes,Synodontidae,Bathysaurus ferox
Actinopterygii,Aulopiformes,Synodontidae,Saurida brasiliensis
Actinopterygii,Aulopiformes,Synodontidae,Synodus lucioceps
Actinopterygii,Aulopiformes,Synodontidae,Synodus poeyi
Actinopterygii,Aulopiformes,Synodontidae,Synodus synodus
Actinopterygii,Aulopiformes,Synodontidae,Trachinocephalus myops
Actinopterygii,Batrachoidiformes,Batrachoididae,Opsanus pardus
Actinopterygii,Batrachoidiformes,Batrachoididae,Opsanus tau
Actinopterygii,Batrachoidiformes,Batrachoididae,Porichthys notatus
Actinopterygii,Beloniformes,Belonidae,Platybelone argalus
Actinopterygii,Beloniformes,Exocoetidae,Cheilopogon cyanopterus
Actinopterygii,Beloniformes,Exocoetidae,Cheilopogon heterurus
Actinopterygii,Beloniformes,Exocoetidae,Exocoetus obtusirostris
Actinopterygii,Beloniformes,Exocoetidae,Exocoetus volitans
Actinopterygii,Beloniformes,Exocoetidae,Hirundichthys speculiger
Actinopterygii,Beloniformes,Exocoetidae,Parexocoetus brachypterus
Actinopterygii,Beloniformes,Exocoetidae,Prognichthys gibbifrons
Actinopterygii,Beloniformes,Hemiramphidae,Euleptorhamphus velox
Actinopterygii,Beloniformes,Hemiramphidae,Hemiramphus balao
Actinopterygii,Beloniformes,Hemiramphidae,Hyporhamphus unifasciatus
Actinopterygii,Beloniformes,Hemiramphidae,Oxyporhamphus micropterus
Actinopterygii,Beloniformes,Hemiramphidae,Oxyporhamphus similis
Actinopterygii,Beryciformes,Anoplogastridae,Anoplogaster cornuta
Actinopterygii,Beryciformes,Berycidae,Beryx decadactylus
Actinopterygii,Beryciformes,Berycidae,Beryx splendens
Actinopterygii,Beryciformes,Diretmidae,Diretmus argenteus
Actinopterygii,Beryciformes,Holocentridae,Sargocentron bullisi
Actinopterygii,Beryciformes,Trachichthyidae,Gephyroberyx darwinii
Actinopterygii,Beryciformes,Trachichthyidae,Hoplostethus atlanticus
Actinopterygii,Beryciformes,Trachichthyidae,Hoplostethus mediterraneus
Actinopterygii,Beryciformes,Trachichthyidae,Hoplostethus occidentalis
Actinopterygii,Cetomimiformes,Barbourisiidae,Barbourisia rufa
Actinopterygii,Cetomimiformes,Cetomimidae,Cetostoma regani
Actinopterygii,Cetomimiformes,Cetomimidae,Gyrinomimus grahami
Actinopterygii,Cetomimiformes,Rondeletiidae,Rondeletia loricata
Actinopterygii,Characiformes,Characidae,Piaractus brachypomus
Actinopterygii,Clupeiformes,Clupeidae,Alosa aestivalis
Actinopterygii,Clupeiformes,Clupeidae,Alosa fallax
Actinopterygii,Clupeiformes,Clupeidae,Alosa mediocris
Actinopterygii,Clupeiformes,Clupeidae,Alosa pseudoharengus
Actinopterygii,Clupeiformes,Clupeidae,Alosa sapidissima
Actinopterygii,Clupeiformes,Clupeidae,Brevoortia tyrannus
Actinopterygii,Clupeiformes,Clupeidae,Clupea harengus
Actinopterygii,Clupeiformes,Clupeidae,Clupea pallasii
Actinopterygii,Clupeiformes,Clupeidae,Dorosoma cepedianum
Actinopterygii,Clupeiformes,Clupeidae,Etrumeus teres
Actinopterygii,Clupeiformes,Clupeidae,Sardinops sagax
Actinopterygii,Clupeiformes,Dussumieriidae,Etrumeus sadina
Actinopterygii,Clupeiformes,Engraulidae,Anchoa hepsetus
Actinopterygii,Clupeiformes,Engraulidae,Anchoa mitchilli
Actinopterygii,Clupeiformes,Engraulidae,Engraulis eurystole
Actinopterygii,Clupeiformes,Engraulidae,Engraulis mordax
Actinopterygii,Cypriniformes,Catostomidae,Carpiodes cyprinus
Actinopterygii,Cypriniformes,Catostomidae,Catostomus catostomus
Actinopterygii,Cypriniformes,Catostomidae,Catostomus columbianus
Actinopterygii,Cypriniformes,Catostomidae,Catostomus commersonii
Actinopterygii,Cypriniformes,Catostomidae,Catostomus macrocheilus
Actinopterygii,Cypriniformes,Catostomidae,Catostomus platyrhynchus
Actinopterygii,Cypriniformes,Catostomidae,Erimyzon sucetta
Actinopterygii,Cypriniformes,Catostomidae,Hypentelium nigricans
Actinopterygii,Cypriniformes,Catostomidae,Ictiobus cyprinellus
Actinopterygii,Cypriniformes,Catostomidae,Ictiobus niger
Actinopterygii,Cypriniformes,Catostomidae,Minytrema melanops
Actinopterygii,Cypriniformes,Catostomidae,Moxostma anisurum
Actinopterygii,Cypriniformes,Catostomidae,Moxostoma carinatum
Actinopterygii,Cypriniformes,Catostomidae,Moxostoma duquesnei
Actinopterygii,Cypriniformes,Catostomidae,Moxostoma erythrurum
Actinopterygii,Cypriniformes,Catostomidae,Moxostoma hubbsi
Actinopterygii,Cypriniformes,Catostomidae,Moxostoma macrolepidotum
Actinopterygii,Cypriniformes,Catostomidae,Moxostoma valenciennesi
Actinopterygii,Cypriniformes,Cobitidae,Misgurnus anguillicaudatus
Actinopterygii,Cypriniformes,Cyprinidae,Acrocheilus alutaceus
Actinopterygii,Cypriniformes,Cyprinidae,Campostoma anomalum
Actinopterygii,Cypriniformes,Cyprinidae,Carassius auratus
Actinopterygii,Cypriniformes,Cyprinidae,Clinostomus elongatus
Actinopterygii,Cypriniformes,Cyprinidae,Couesius plumbeus
Actinopterygii,Cypriniformes,Cyprinidae,Ctenopharyngodon idella
Actinopterygii,Cypriniformes,Cyprinidae,Cyprinella spiloptera
Actinopterygii,Cypriniformes,Cyprinidae,Cyprinus carpio
Actinopterygii,Cypriniformes,Cyprinidae,Erimystax x-punctatus
Actinopterygii,Cypriniformes,Cyprinidae,Exoglossum maxillingua
Actinopterygii,Cypriniformes,Cyprinidae,Hybognathus argyritis
Actinopterygii,Cypriniformes,Cyprinidae,Hybognathus hankinsoni
Actinopterygii,Cypriniformes,Cyprinidae,Hybognathus placitus
Actinopterygii,Cypriniformes,Cyprinidae,Hybognathus regius
Actinopterygii,Cypriniformes,Cyprinidae,Luxilus chrysocephalus
Actinopterygii,Cypriniformes,Cyprinidae,Luxilus cornutus
Actinopterygii,Cypriniformes,Cyprinidae,Lythrurus umbratilis
Actinopterygii,Cypriniformes,Cyprinidae,Macrhybopsis storeriana
Actinopterygii,Cypriniformes,Cyprinidae,Margariscus nachtriebi
Actinopterygii,Cypriniformes,Cyprinidae,Mylocheilus caurinus
Actinopterygii,Cypriniformes,Cyprinidae,Nocomis biguttatus
Actinopterygii,Cypriniformes,Cyprinidae,Nocomis micropogon
Actinopterygii,Cypriniformes,Cyprinidae,Notemigonus crysoleucas
Actinopterygii,Cypriniformes,Cyprinidae,Notropis anogenus
Actinopterygii,Cypriniformes,Cyprinidae,Notropis atherinoides
Actinopterygii,Cypriniformes,Cyprinidae,Notropis bifrenatus
Actinopterygii,Cypriniformes,Cyprinidae,Notropis blennius
Actinopterygii,Cypriniformes,Cyprinidae,Notropis buchanani
Actinopterygii,Cypriniformes,Cyprinidae,Notropis dorsalis
Actinopterygii,Cypriniformes,Cyprinidae,Notropis heterodon
Actinopterygii,Cypriniformes,Cyprinidae,Notropis heterolepis
Actinopterygii,Cypriniformes,Cyprinidae,Notropis hudsonius
Actinopterygii,Cypriniformes,Cyprinidae,Notropis percobromus
Actinopterygii,Cypriniformes,Cyprinidae,Notropis photogenis
Actinopterygii,Cypriniformes,Cyprinidae,Notropis rubellus
Actinopterygii,Cypriniformes,Cyprinidae,Notropis stramineus
Actinopterygii,Cypriniformes,Cyprinidae,Notropis texanus
Actinopterygii,Cypriniformes,Cyprinidae,Notropis volucellus
Actinopterygii,Cypriniformes,Cyprinidae,Opsopoeodus emiliae
Actinopterygii,Cypriniformes,Cyprinidae,Phoxinus eos
Actinopterygii,Cypriniformes,Cyprinidae,Phoxinus neogaeus
Actinopterygii,Cypriniformes,Cyprinidae,Pimephales notatus
Actinopterygii,Cypriniformes,Cyprinidae,Pimephales promelas
Actinopterygii,Cypriniformes,Cyprinidae,Platygobio gracilis
Actinopterygii,Cypriniformes,Cyprinidae,Ptychocheilus oregonensis
Actinopterygii,Cypriniformes,Cyprinidae,Rhinichthys atratulus
Actinopterygii,Cypriniformes,Cyprinidae,Rhinichthys cataractae
Actinopterygii,Cypriniformes,Cyprinidae,Rhinichthys falcatus
Actinopterygii,Cypriniformes,Cyprinidae,Rhinichthys obtusus
Actinopterygii,Cypriniformes,Cyprinidae,Rhinichthys osculus
Actinopterygii,Cypriniformes,Cyprinidae,Rhinichthys umatilla
Actinopterygii,Cypriniformes,Cyprinidae,Rhodeus sericeus
Actinopterygii,Cypriniformes,Cyprinidae,Richardsonius balteatus
Actinopterygii,Cypriniformes,Cyprinidae,Scardinius erythrophthalmus
Actinopterygii,Cypriniformes,Cyprinidae,Semotilus atromaculatus
Actinopterygii,Cypriniformes,Cyprinidae,Semotilus corporalis
Actinopterygii,Cypriniformes,Cyprinidae,Tinca tinca
Actinopterygii,Cyprinodontiformes,Exocoetidae,Cheilopogon furcatus
Actinopterygii,Cyprinodontiformes,Exocoetidae,Cheilopogon melanurus
Actinopterygii,Cyprinodontiformes,Exocoetidae,Hirundichthys affinis
Actinopterygii,Cyprinodontiformes,Exocoetidae,Hirundichthys rondeletii
Actinopterygii,Cyprinodontiformes,Fundulidae,Fundulus diaphanus
Actinopterygii,Cyprinodontiformes,Fundulidae,Fundulus heteroclitus
Actinopterygii,Cyprinodontiformes,Fundulidae,Fundulus majalis
Actinopterygii,Cyprinodontiformes,Fundulidae,Fundulus notatus
Actinopterygii,Cyprinodontiformes,Hemiramphidae,Hemiramphus brasiliensis
Actinopterygii,Cyprinodontiformes,Hemiramphidae,Hyporhamphus meeki
Actinopterygii,Cyprinodontiformes,Poeciliidae,Gambusia affinis
Actinopterygii,Cyprinodontiformes,Poeciliidae,Poecilia latipinna
Actinopterygii,Cyprinodontiformes,Poeciliidae,Poecilia reticulata
Actinopterygii,Cyprinodontiformes,Poeciliidae,Xiphophorus hellerii
Actinopterygii,Cyprinodontiformes,Scomberesocidae,Cololabis saira
Actinopterygii,Cyprinodontiformes,Scomberesocidae,Scomberesox saurus
Actinopterygii,Elopiformes,Elopidae,Elops saurus
Actinopterygii,Elopiformes,Megalopidae,Megalops atlanticus
Actinopterygii,Esociformes,Esocidae,Esox americanus americanus
Actinopterygii,Esociformes,Esocidae,Esox americanus vermiculatus
Actinopterygii,Esociformes,Esocidae,Esox lucius
Actinopterygii,Esociformes,Esocidae,Esox masquinongy
Actinopterygii,Esociformes,Esocidae,Esox niger
Actinopterygii,Esociformes,Umbridae,Dallia pectoralis
Actinopterygii,Esociformes,Umbridae,Umbra limi
Actinopterygii,Gadiformes,Bregmacerotidae,Bregmaceros atlanticus
Actinopterygii,Gadiformes,Bregmacerotidae,Bregmaceros mcclellandi
Actinopterygii,Gadiformes,Gadidae,Arctogadus borisovi
Actinopterygii,Gadiformes,Gadidae,Arctogadus glacialis
Actinopterygii,Gadiformes,Gadidae,Boreogadus saida
Actinopterygii,Gadiformes,Gadidae,Eleginus gracilis
Actinopterygii,Gadiformes,Gadidae,Gadus chalcogrammus
Actinopterygii,Gadiformes,Gadidae,Gadus macrocephalus
Actinopterygii,Gadiformes,Gadidae,Gadus morhua
Actinopterygii,Gadiformes,Gadidae,Gadus ogac
Actinopterygii,Gadiformes,Gadidae,Melanogrammus aeglefinus
Actinopterygii,Gadiformes,Gadidae,Merlangius merlangus
Actinopterygii,Gadiformes,Gadidae,Microgadus proximus
Actinopterygii,Gadiformes,Gadidae,Microgadus tomcod
Actinopterygii,Gadiformes,Gadidae,Micromesistius poutassou
Actinopterygii,Gadiformes,Gadidae,Pollachius pollachius
Actinopterygii,Gadiformes,Gadidae,Pollachius virens
Actinopterygii,Gadiformes,Gadidae,Theragra chalcogramma
Actinopterygii,Gadiformes,Gadidae,Trisopterus esmarkii
Actinopterygii,Gadiformes,Lotidae,Brosme brosme
Actinopterygii,Gadiformes,Lotidae,Brotula barbata
Actinopterygii,Gadiformes,Lotidae,Enchelyopus cimbrius
Actinopterygii,Gadiformes,Lotidae,Gaidropsarus argentatus
Actinopterygii,Gadiformes,Lotidae,Gaidropsarus ensis
Actinopterygii,Gadiformes,Lotidae,Lota lota
Actinopterygii,Gadiformes,Lotidae,Molva dypterygia
Actinopterygii,Gadiformes,Lotidae,Molva molva
Actinopterygii,Gadiformes,Macrouridae,Albatrossia pectoralis
Actinopterygii,Gadiformes,Macrouridae,Caelorinchus caelorhincus
Actinopterygii,Gadiformes,Macrouridae,Cetonurus globiceps
Actinopterygii,Gadiformes,Macrouridae,Coelorinchus caelorhincus
Actinopterygii,Gadiformes,Macrouridae,Coelorinchus carminatus
Actinopterygii,Gadiformes,Macrouridae,Coelorinchus occa
Actinopterygii,Gadiformes,Macrouridae,Coryphaenoides acrolepis
Actinopterygii,Gadiformes,Macrouridae,Coryphaenoides alateralis
Actinopterygii,Gadiformes,Macrouridae,Coryphaenoides armatus
Actinopterygii,Gadiformes,Macrouridae,Coryphaenoides brevibarbis
Actinopterygii,Gadiformes,Macrouridae,Coryphaenoides carapinus
Actinopterygii,Gadiformes,Macrouridae,Coryphaenoides cinereus
Actinopterygii,Gadiformes,Macrouridae,Coryphaenoides filifer
Actinopterygii,Gadiformes,Macrouridae,Coryphaenoides guentheri
Actinopterygii,Gadiformes,Macrouridae,Coryphaenoides leptolepis
Actinopterygii,Gadiformes,Macrouridae,Coryphaenoides liocephalus
Actinopterygii,Gadiformes,Macrouridae,Coryphaenoides mediterraneus
Actinopterygii,Gadiformes,Macrouridae,Coryphaenoides rupestris
Actinopterygii,Gadiformes,Macrouridae,Coryphaenoides yaquinae
Actinopterygii,Gadiformes,Macrouridae,Gadomus arcuatus
Actinopterygii,Gadiformes,Macrouridae,Gadomus longifilis
Actinopterygii,Gadiformes,Macrouridae,Macrourus berglax
Actinopterygii,Gadiformes,Macrouridae,Malacocephalus occidentalis
Actinopterygii,Gadiformes,Macrouridae,Nezumia aequalis
Actinopterygii,Gadiformes,Macrouridae,Nezumia bairdii
Actinopterygii,Gadiformes,Macrouridae,Nezumia longebarbata
Actinopterygii,Gadiformes,Macrouridae,Nezumia sclerorhynchus
Actinopterygii,Gadiformes,Macrouridae,Nezumia stelgidolepis
Actinopterygii,Gadiformes,Macrouridae,Trachyrincus murrayi
Actinopterygii,Gadiformes,Macrouridae,Trachyrincus scabrus
Actinopterygii,Gadiformes,Melanonidae,Melanonus zugmayeri
Actinopterygii,Gadiformes,Merlucciidae,Lyconus brachycolus
Actinopterygii,Gadiformes,Merlucciidae,Merluccius albidus
Actinopterygii,Gadiformes,Merlucciidae,Merluccius bilinearis
Actinopterygii,Gadiformes,Merlucciidae,Merluccius hubbsi
Actinopterygii,Gadiformes,Merlucciidae,Merluccius merluccius
Actinopterygii,Gadiformes,Merlucciidae,Merluccius productus
Actinopterygii,Gadiformes,Moridae,Antimora microlepis
Actinopterygii,Gadiformes,Moridae,Antimora rostrata
Actinopterygii,Gadiformes,Moridae,Brosmiculus imberbis
Actinopterygii,Gadiformes,Moridae,Gadella imberbis
Actinopterygii,Gadiformes,Moridae,Guttigadus latifrons
Actinopterygii,Gadiformes,Moridae,Halargyreus johnsonii
Actinopterygii,Gadiformes,Moridae,Laemonema barbatulum
Actinopterygii,Gadiformes,Moridae,Laemonema goodebeanorum
Actinopterygii,Gadiformes,Moridae,Laemonema melanurum
Actinopterygii,Gadiformes,Moridae,Lepidion eques
Actinopterygii,Gadiformes,Moridae,Physiculus fulvus
Actinopterygii,Gadiformes,Phycidae,Phycis chesteri
Actinopterygii,Gadiformes,Phycidae,Urophycis chuss
Actinopterygii,Gadiformes,Phycidae,Urophycis regia
Actinopterygii,Gadiformes,Phycidae,Urophycis tenuis
Actinopterygii,Gasterosteiformes,Aulorhynchidae,Aulorhynchus flavidus
Actinopterygii,Gasterosteiformes,Gasterosteidae,Apeltes quadracus
Actinopterygii,Gasterosteiformes,Gasterosteidae,Culaea inconstans
Actinopterygii,Gasterosteiformes,Gasterosteidae,Gasterosteus aculeatus
Actinopterygii,Gasterosteiformes,Gasterosteidae,Gasterosteus wheatlandi
Actinopterygii,Gasterosteiformes,Gasterosteidae,Pungitius pungitius
Actinopterygii,Gasterosteiformes,Gasterosteidae,Spinachia spinachia
Actinopterygii,Gobiesociformes,Gobiesocidae,Gobiesox maeandricus
Actinopterygii,Gobiesociformes,Gobiesocidae,Rimicola muscarum
Actinopterygii,Lampriformes,Lampridae,Lampris guttatus
Actinopterygii,Lampriformes,Regalecidae,Regalecus glesne
Actinopterygii,Lampriformes,Stylephoridae,Stylephorus chordatus
Actinopterygii,Lampriformes,Trachipteridae,Trachipterus altivelis
Actinopterygii,Lampriformes,Trachipteridae,Trachipterus altivelus
Actinopterygii,Lampriformes,Trachipteridae,Trachipterus trachypterus
Actinopterygii,Lampriformes,Trachipteridae,Zu cristatus
Actinopterygii,Lepisosteiformes,Lepisosteidae,Lepisosteus oculatus
Actinopterygii,Lepisosteiformes,Lepisosteidae,Lepisosteus osseus
Actinopterygii,Lepisosteiformes,Lepisosteidae,Lepisosteus platyrhincus
Actinopterygii,Lophiiformes,Antennariidae,Antennarius ocellatus
Actinopterygii,Lophiiformes,Antennariidae,Histrio histrio
Actinopterygii,Lophiiformes,Caulophrynidae,Caulophryne jordani
Actinopterygii,Lophiiformes,Ceratiidae,Ceratias holboelli
Actinopterygii,Lophiiformes,Ceratiidae,Ceratias uranoscopus
Actinopterygii,Lophiiformes,Ceratiidae,Cryptopsaras couesii
Actinopterygii,Lophiiformes,Chaunacidae,Bathychaunax roseus
Actinopterygii,Lophiiformes,Chaunacidae,Chaunax pictus
Actinopterygii,Lophiiformes,Chaunacidae,Chaunax stigmaeus
Actinopterygii,Lophiiformes,Gigantactinidae,Gigantactis longicirra
Actinopterygii,Lophiiformes,Gigantactinidae,Gigantactis macronema
Actinopterygii,Lophiiformes,Gigantactinidae,Gigantactis vanhoeffeni
Actinopterygii,Lophiiformes,Himantolophidae,Himantolophus albinares
Actinopterygii,Lophiiformes,Himantolophidae,Himantolophus groenlandicus
Actinopterygii,Lophiiformes,Himantolophidae,Himantolophus mauli
Actinopterygii,Lophiiformes,Linophrynidae,Haplophryne mollis
Actinopterygii,Lophiiformes,Linophrynidae,Linophryne algibarbata
Actinopterygii,Lophiiformes,Linophrynidae,Linophryne bicornis
Actinopterygii,Lophiiformes,Linophrynidae,Linophryne coronata
Actinopterygii,Lophiiformes,Linophrynidae,Linophryne lucifer
Actinopterygii,Lophiiformes,Linophrynidae,Linophryne macrodon
Actinopterygii,Lophiiformes,Lophiidae,Lophius americanus
Actinopterygii,Lophiiformes,Lophiidae,Lophius piscatorius
Actinopterygii,Lophiiformes,Melanocetidae,Melanocetus johnsonii
Actinopterygii,Lophiiformes,Melanocetidae,Melanocetus murrayi
Actinopterygii,Lophiiformes,Ogcocephalidae,Dibranchus atlanticus
Actinopterygii,Lophiiformes,Ogcocephalidae,Halieutichthys aculeatus
Actinopterygii,Lophiiformes,Ogcocephalidae,Ogcocephalus corniger
Actinopterygii,Lophiiformes,Ogcocephalidae,Ogcocephalus vespertilio
Actinopterygii,Lophiiformes,Oneirodidae,Chaenophryne draco
Actinopterygii,Lophiiformes,Oneirodidae,Chaenophryne longiceps
Actinopterygii,Lophiiformes,Oneirodidae,Chaenophryne melanorhabdus
Actinopterygii,Lophiiformes,Oneirodidae,Danaphryne nigrifilis
Actinopterygii,Lophiiformes,Oneirodidae,Dolopichthys allector
Actinopterygii,Lophiiformes,Oneirodidae,Dolopichthys pullatus
Actinopterygii,Lophiiformes,Oneirodidae,Leptacanthichthys gracilispinis
Actinopterygii,Lophiiformes,Oneirodidae,Lophodolos acanthognathus
Actinopterygii,Lophiiformes,Oneirodidae,Lophodolus acanthognathus
Actinopterygii,Lophiiformes,Oneirodidae,Microlophichthys microlophus
Actinopterygii,Lophiiformes,Oneirodidae,Oneirodes acanthias
Actinopterygii,Lophiiformes,Oneirodidae,Oneirodes bulbosus
Actinopterygii,Lophiiformes,Oneirodidae,Oneirodes carlsbergi
Actinopterygii,Lophiiformes,Oneirodidae,Oneirodes epithales
Actinopterygii,Lophiiformes,Oneirodidae,Oneirodes eschrichtii
Actinopterygii,Lophiiformes,Oneirodidae,Oneirodes macrosteus
Actinopterygii,Lophiiformes,Oneirodidae,Oneirodes schmidti
Actinopterygii,Lophiiformes,Oneirodidae,Oneirodes thompsoni
Actinopterygii,Lophiiformes,Oneirodidae,Spiniphryne gladisfenae
Actinopterygii,Lophiiformes,Thaumatichthyidae,Lasiognathus beebei
Actinopterygii,Lophiiformes,Thaumatichthyidae,Lasiognathus intermedius
Actinopterygii,Myctophiformes,Myctophidae,Benthosema glaciale
Actinopterygii,Myctophiformes,Myctophidae,Benthosema suborbitale
Actinopterygii,Myctophiformes,Myctophidae,Bolinichthys distofax
Actinopterygii,Myctophiformes,Myctophidae,Bolinichthys indicus
Actinopterygii,Myctophiformes,Myctophidae,Bolinichthys photothorax
Actinopterygii,Myctophiformes,Myctophidae,Bolinichthys supralateralis
Actinopterygii,Myctophiformes,Myctophidae,Centrobranchus nigroocellatus
Actinopterygii,Myctophiformes,Myctophidae,Ceratoscopelus maderensis
Actinopterygii,Myctophiformes,Myctophidae,Ceratoscopelus townsendi
Actinopterygii,Myctophiformes,Myctophidae,Ceratoscopelus warmingii
Actinopterygii,Myctophiformes,Myctophidae,Diaphus anderseni
Actinopterygii,Myctophiformes,Myctophidae,Diaphus bertelseni
Actinopterygii,Myctophiformes,Myctophidae,Diaphus brachycephalus
Actinopterygii,Myctophiformes,Myctophidae,Diaphus dumerilii
Actinopterygii,Myctophiformes,Myctophidae,Diaphus effulgens
Actinopterygii,Myctophiformes,Myctophidae,Diaphus fragilis
Actinopterygii,Myctophiformes,Myctophidae,Diaphus garmani
Actinopterygii,Myctophiformes,Myctophidae,Diaphus holti
Actinopterygii,Myctophiformes,Myctophidae,Diaphus lucidus
Actinopterygii,Myctophiformes,Myctophidae,Diaphus luetkeni
Actinopterygii,Myctophiformes,Myctophidae,Diaphus metopoclampus
Actinopterygii,Myctophiformes,Myctophidae,Diaphus mollis
Actinopterygii,Myctophiformes,Myctophidae,Diaphus perspicillatus
Actinopterygii,Myctophiformes,Myctophidae,Diaphus rafinesquii
Actinopterygii,Myctophiformes,Myctophidae,Diaphus roei
Actinopterygii,Myctophiformes,Myctophidae,Diaphus splendidus
Actinopterygii,Myctophiformes,Myctophidae,Diaphus taaningi
Actinopterygii,Myctophiformes,Myctophidae,Diaphus termophilus
Actinopterygii,Myctophiformes,Myctophidae,Diaphus theta
Actinopterygii,Myctophiformes,Myctophidae,Diaphus vanhoeffeni
Actinopterygii,Myctophiformes,Myctophidae,Diogenichthys atlanticus
Actinopterygii,Myctophiformes,Myctophidae,Electrona risso
Actinopterygii,Myctophiformes,Myctophidae,Gonichthys cocco
Actinopterygii,Myctophiformes,Myctophidae,Hygophum benoiti
Actinopterygii,Myctophiformes,Myctophidae,Hygophum hygomii
Actinopterygii,Myctophiformes,Myctophidae,Hygophum macrochir
Actinopterygii,Myctophiformes,Myctophidae,Hygophum reinhardtii
Actinopterygii,Myctophiformes,Myctophidae,Hygophum taaningi
Actinopterygii,Myctophiformes,Myctophidae,Lampadena anomala
Actinopterygii,Myctophiformes,Myctophidae,Lampadena chavesi
Actinopterygii,Myctophiformes,Myctophidae,Lampadena luminosa
Actinopterygii,Myctophiformes,Myctophidae,Lampadena speculigera
Actinopterygii,Myctophiformes,Myctophidae,Lampadena urophaos
Actinopterygii,Myctophiformes,Myctophidae,Lampanyctus alatus
Actinopterygii,Myctophiformes,Myctophidae,Lampanyctus crocodilus
Actinopterygii,Myctophiformes,Myctophidae,Lampanyctus festivus
Actinopterygii,Myctophiformes,Myctophidae,Lampanyctus intricarius
Actinopterygii,Myctophiformes,Myctophidae,Lampanyctus jordani
Actinopterygii,Myctophiformes,Myctophidae,Lampanyctus macdonaldi
Actinopterygii,Myctophiformes,Myctophidae,Lampanyctus nobilis
Actinopterygii,Myctophiformes,Myctophidae,Lampanyctus photonotus
Actinopterygii,Myctophiformes,Myctophidae,Lampanyctus pusillus
Actinopterygii,Myctophiformes,Myctophidae,Lampanyctus tenuiformis
Actinopterygii,Myctophiformes,Myctophidae,Lepidophanes gaussi
Actinopterygii,Myctophiformes,Myctophidae,Lepidophanes guentheri
Actinopterygii,Myctophiformes,Myctophidae,Lobianchia dofleini
Actinopterygii,Myctophiformes,Myctophidae,Lobianchia gemellarii
Actinopterygii,Myctophiformes,Myctophidae,Loweina rara
Actinopterygii,Myctophiformes,Myctophidae,Myctophum affine
Actinopterygii,Myctophiformes,Myctophidae,Myctophum asperum
Actinopterygii,Myctophiformes,Myctophidae,Myctophum nitidulum
Actinopterygii,Myctophiformes,Myctophidae,Myctophum obtusirostre
Actinopterygii,Myctophiformes,Myctophidae,Myctophum punctatum
Actinopterygii,Myctophiformes,Myctophidae,Myctophum selenops
Actinopterygii,Myctophiformes,Myctophidae,Nannobrachium atrum
Actinopterygii,Myctophiformes,Myctophidae,Nannobrachium cuprarium
Actinopterygii,Myctophiformes,Myctophidae,Nannobrachium lineatum
Actinopterygii,Myctophiformes,Myctophidae,Nannobrachium regale
Actinopterygii,Myctophiformes,Myctophidae,Nannobrachium ritteri
Actinopterygii,Myctophiformes,Myctophidae,Notolychnus valdiviae
Actinopterygii,Myctophiformes,Myctophidae,Notoscopelus bolini
Actinopterygii,Myctophiformes,Myctophidae,Notoscopelus caudispinosus
Actinopterygii,Myctophiformes,Myctophidae,Notoscopelus elongatus
Actinopterygii,Myctophiformes,Myctophidae,Notoscopelus japonicus
Actinopterygii,Myctophiformes,Myctophidae,Notoscopelus kroeyeri
Actinopterygii,Myctophiformes,Myctophidae,Notoscopelus kroyeri
Actinopterygii,Myctophiformes,Myctophidae,Notoscopelus resplendens
Actinopterygii,Myctophiformes,Myctophidae,Protomyctophum arcticum
Actinopterygii,Myctophiformes,Myctophidae,Protomyctophum crockeri
Actinopterygii,Myctophiformes,Myctophidae,Protomyctophum thompsoni
Actinopterygii,Myctophiformes,Myctophidae,Stenobrachius leucopsarus
Actinopterygii,Myctophiformes,Myctophidae,Stenobrachius nannochir
Actinopterygii,Myctophiformes,Myctophidae,Symbolophorus californiensis
Actinopterygii,Myctophiformes,Myctophidae,Symbolophorus veranyi
Actinopterygii,Myctophiformes,Myctophidae,Taaningichthys bathyphilus
Actinopterygii,Myctophiformes,Myctophidae,Taaningichthys minimus
Actinopterygii,Myctophiformes,Myctophidae,Tarletonbeania crenularis
Actinopterygii,Myctophiformes,Myctophidae,Tarletonbeania taylori
Actinopterygii,Myctophiformes,Neoscopelidae,Neoscopelus macrolepidotus
Actinopterygii,Notacanthiformes,Halosauridae,Aldrovandia affinis
Actinopterygii,Notacanthiformes,Halosauridae,Aldrovandia gracilis
Actinopterygii,Notacanthiformes,Halosauridae,Aldrovandia oleosa
Actinopterygii,Notacanthiformes,Halosauridae,Aldrovandia phalacra
Actinopterygii,Notacanthiformes,Halosauridae,Aldrovandria affinis
Actinopterygii,Notacanthiformes,Halosauridae,Halosauropsis macrochir
Actinopterygii,Notacanthiformes,Halosauridae,Halosaurus guentheri
Actinopterygii,Notacanthiformes,Notacanthidae,Lipogenys gillii
Actinopterygii,Notacanthiformes,Notacanthidae,Notacanthus bonaparte
Actinopterygii,Notacanthiformes,Notacanthidae,Notacanthus chemnitzii
Actinopterygii,Notacanthiformes,Notacanthidae,Polyacanthonotus challengeri
Actinopterygii,Notacanthiformes,Notacanthidae,Polyacanthonotus rissoanus
Actinopterygii,Ophidiiformes,Bythitidae,Brosmophycis marginata
Actinopterygii,Ophidiiformes,Bythitidae,Bythites fuscus
Actinopterygii,Ophidiiformes,Bythitidae,Cataetyx laticeps
Actinopterygii,Ophidiiformes,Bythitidae,Thalassobathia pelagica
Actinopterygii,Ophidiiformes,Carapidae,Echiodon dawsoni
Actinopterygii,Ophidiiformes,Ophidiidae,Barathrites parri
Actinopterygii,Ophidiiformes,Ophidiidae,Barathrodemus manatinus
Actinopterygii,Ophidiiformes,Ophidiidae,Bassogigas gillii
Actinopterygii,Ophidiiformes,Ophidiidae,Bassozetus zenkevitchi
Actinopterygii,Ophidiiformes,Ophidiidae,Benthocometes robustus
Actinopterygii,Ophidiiformes,Ophidiidae,Chilara taylori
Actinopterygii,Ophidiiformes,Ophidiidae,Dicrolene introniger
Actinopterygii,Ophidiiformes,Ophidiidae,Lepophidium profundorum
Actinopterygii,Ophidiiformes,Ophidiidae,Monomitopus agassizii
Actinopterygii,Ophidiiformes,Ophidiidae,Ophidion grayi
Actinopterygii,Ophidiiformes,Ophidiidae,Ophidion selenops
Actinopterygii,Ophidiiformes,Ophidiidae,Spectrunculus grandis
Actinopterygii,Ophidiiformes,Ophidiidae,Typhlonus nasus
Actinopterygii,Osmeriformes,Alepocephalidae,Alepocephalus agassizii
Actinopterygii,Osmeriformes,Alepocephalidae,Alepocephalus australis
Actinopterygii,Osmeriformes,Alepocephalidae,Alepocephalus bairdii
Actinopterygii,Osmeriformes,Alepocephalidae,Alepocephalus tenebrosus
Actinopterygii,Osmeriformes,Alepocephalidae,Alepocephalus umbriceps
Actinopterygii,Osmeriformes,Alepocephalidae,Bajacalifornia megalops
Actinopterygii,Osmeriformes,Alepocephalidae,Bathytroctes michaelsarsi
Actinopterygii,Osmeriformes,Alepocephalidae,Bathytroctes microlepis
Actinopterygii,Osmeriformes,Alepocephalidae,Conocara salmoneum
Actinopterygii,Osmeriformes,Alepocephalidae,Narcetes stomias
Actinopterygii,Osmeriformes,Alepocephalidae,Photostylus pycnopterus
Actinopterygii,Osmeriformes,Alepocephalidae,Rinoctes nasutus
Actinopterygii,Osmeriformes,Alepocephalidae,Rouleina attrita
Actinopterygii,Osmeriformes,Alepocephalidae,Rouleina maderensis
Actinopterygii,Osmeriformes,Alepocephalidae,Talismania bifurcata
Actinopterygii,Osmeriformes,Alepocephalidae,Xenodermichthys copei
Actinopterygii,Osmeriformes,Argentinidae,Argentina silus
Actinopterygii,Osmeriformes,Argentinidae,Argentina striata
Actinopterygii,Osmeriformes,Argentinidae,Glossanodon leioglossus
Actinopterygii,Osmeriformes,Bathylagidae,Bathylagichthys greyae
Actinopterygii,Osmeriformes,Bathylagidae,Bathylagus euryops
Actinopterygii,Osmeriformes,Bathylagidae,Bathylagus pacificus
Actinopterygii,Osmeriformes,Bathylagidae,Bathylagus stilbius
Actinopterygii,Osmeriformes,Bathylagidae,Dolicholagus longirostris
Actinopterygii,Osmeriformes,Bathylagidae,Leuroglossus schmidti
Actinopterygii,Osmeriformes,Bathylagidae,Lipolagus ochotensis
Actinopterygii,Osmeriformes,Bathylagidae,Melanolagus bericoides
Actinopterygii,Osmeriformes,Bathylagidae,Pseudobathylagus milleri
Actinopterygii,Osmeriformes,Microstomatidae,Nansenia candida
Actinopterygii,Osmeriformes,Microstomatidae,Nansenia crassa
Actinopterygii,Osmeriformes,Microstomatidae,Nansenia groenlandica
Actinopterygii,Osmeriformes,Microstomatidae,Nansenia oblita
Actinopterygii,Osmeriformes,Opisthoproctidae,Bathylychnops exilis
Actinopterygii,Osmeriformes,Opisthoproctidae,Dolichopteryx binocularis
Actinopterygii,Osmeriformes,Opisthoproctidae,Dolichopteryx parini
Actinopterygii,Osmeriformes,Opisthoproctidae,Macropinna microstoma
Actinopterygii,Osmeriformes,Osmeridae,Allosmerus elongatus
Actinopterygii,Osmeriformes,Osmeridae,Hypomesus olidus
Actinopterygii,Osmeriformes,Osmeridae,Hypomesus pretiosus
Actinopterygii,Osmeriformes,Osmeridae,Mallotus villosus
Actinopterygii,Osmeriformes,Osmeridae,Osmerus dentex
Actinopterygii,Osmeriformes,Osmeridae,Osmerus mordax
Actinopterygii,Osmeriformes,Osmeridae,Osmerus spectrum
Actinopterygii,Osmeriformes,Osmeridae,Spirinchus starksi
Actinopterygii,Osmeriformes,Osmeridae,Spirinchus thaleichthys
Actinopterygii,Osmeriformes,Osmeridae,Thaleichthys pacificus
Actinopterygii,Osmeriformes,Platytroctidae,Barbantus curvifrons
Actinopterygii,Osmeriformes,Platytroctidae,Holtbyrnia anomala
Actinopterygii,Osmeriformes,Platytroctidae,Holtbyrnia innesi
Actinopterygii,Osmeriformes,Platytroctidae,Holtbyrnia latifrons
Actinopterygii,Osmeriformes,Platytroctidae,Holtbyrnia macrops
Actinopterygii,Osmeriformes,Platytroctidae,Maulisia argipalla
Actinopterygii,Osmeriformes,Platytroctidae,Maulisia mauli
Actinopterygii,Osmeriformes,Platytroctidae,Maulisia microlepis
Actinopterygii,Osmeriformes,Platytroctidae,Mentodus facilis
Actinopterygii,Osmeriformes,Platytroctidae,Mentodus rostratus
Actinopterygii,Osmeriformes,Platytroctidae,Normichthys operosus
Actinopterygii,Osmeriformes,Platytroctidae,Platytroctes apus
Actinopterygii,Osmeriformes,Platytroctidae,Sagamichthys abei
Actinopterygii,Osmeriformes,Platytroctidae,Searsia koefoedi
Actinopterygii,Osteoglossiformes,Hiodontidae,Hiodon alosoides
Actinopterygii,Osteoglossiformes,Hiodontidae,Hiodon tergisus
Actinopterygii,Perciformes,Acanthuridae,Acanthurus bahianus
Actinopterygii,Perciformes,Acropomatidae,Synagrops bellus
Actinopterygii,Perciformes,Acropomatidae,Synagrops serratospinosus
Actinopterygii,Perciformes,Acropomatidae,Synagrops spinosus
Actinopterygii,Perciformes,Ammodytidae,Ammodytes americanus
Actinopterygii,Perciformes,Ammodytidae,Ammodytes dubius
Actinopterygii,Perciformes,Ammodytidae,Ammodytes hexapterus
Actinopterygii,Perciformes,Ammodytidae,Ammodytes personatus
Actinopterygii,Perciformes,Ammodytidae,Ammodytes tobianus
Actinopterygii,Perciformes,Ammodytidae,Hyperoplus lanceolatus
Actinopterygii,Perciformes,Anarhichadidae,Anarhichas denticulatus
Actinopterygii,Perciformes,Anarhichadidae,Anarhichas lupus
Actinopterygii,Perciformes,Anarhichadidae,Anarhichas minor
Actinopterygii,Perciformes,Anarhichadidae,Anarhichas orientalis
Actinopterygii,Perciformes,Anarhichadidae,Anarrhichthys ocellatus
Actinopterygii,Perciformes,Apogonidae,Apogon maculatus
Actinopterygii,Perciformes,Apogonidae,Apogon pseudomaculatus
Actinopterygii,Perciformes,Ariommatidae,Ariomma bondi
Actinopterygii,Perciformes,Ariommatidae,Ariomma melanum
Actinopterygii,Perciformes,Ariommatidae,Ariomma regulus
Actinopterygii,Perciformes,Bathyclupeidae,Bathyclupea argentea
Actinopterygii,Perciformes,Bathymasteridae,Bathymaster caeruleofasciatus
Actinopterygii,Perciformes,Bathymasteridae,Bathymaster signatus
Actinopterygii,Perciformes,Bathymasteridae,Ronquilus jordani
Actinopterygii,Perciformes,Blenniidae,Hypleurochilus geminatus
Actinopterygii,Perciformes,Blenniidae,Hypsoblennius hentz
Actinopterygii,Perciformes,Blenniidae,Parablennius marmoreus
Actinopterygii,Perciformes,Bramidae,Brama brama
Actinopterygii,Perciformes,Bramidae,Brama japonica
Actinopterygii,Perciformes,Bramidae,Pterycombus brama
Actinopterygii,Perciformes,Bramidae,Taractes asper
Actinopterygii,Perciformes,Bramidae,Taractichthys longipinnis
Actinopterygii,Perciformes,Callionymidae,Callionymus bairdi
Actinopterygii,Perciformes,Callionymidae,Diplogrammus pauciradiatus
Actinopterygii,Perciformes,Callionymidae,Foetorepus agassizii
Actinopterygii,Perciformes,Callionymidae,Paradiplogrammus bairdi
Actinopterygii,Perciformes,Caproidae,Capros aper
Actinopterygii,Perciformes,Carangidae,Caranx crysos
Actinopterygii,Perciformes,Carangidae,Caranx hippos
Actinopterygii,Perciformes,Carangidae,Decapterus macarellus
Actinopterygii,Perciformes,Carangidae,Decapterus punctatus
Actinopterygii,Perciformes,Carangidae,Decapterus tabl
Actinopterygii,Perciformes,Carangidae,Elagatis bipinnulata
Actinopterygii,Perciformes,Carangidae,Naucrates ductor
Actinopterygii,Perciformes,Carangidae,Selar boops
Actinopterygii,Perciformes,Carangidae,Selar crumenophthalmus
Actinopterygii,Perciformes,Carangidae,Selene setapinnis
Actinopterygii,Perciformes,Carangidae,Selene vomer
Actinopterygii,Perciformes,Carangidae,Seriola dumerili
Actinopterygii,Perciformes,Carangidae,Seriola fasciata
Actinopterygii,Perciformes,Carangidae,Seriola lalandi
Actinopterygii,Perciformes,Carangidae,Seriola zonata
Actinopterygii,Perciformes,Carangidae,Trachinotus blochii
Actinopterygii,Perciformes,Carangidae,Trachinotus carolinus
Actinopterygii,Perciformes,Carangidae,Trachinotus falcatus
Actinopterygii,Perciformes,Carangidae,Trachinotus goodei
Actinopterygii,Perciformes,Carangidae,Trachurus lathami
Actinopterygii,Perciformes,Carangidae,Trachurus symmetricus
Actinopterygii,Perciformes,Caristiidae,Caristius fasciatus
Actinopterygii,Perciformes,Caristiidae,Caristius japonicus
Actinopterygii,Perciformes,Caristiidae,Caristius macropus
Actinopterygii,Perciformes,Caristiidae,Paracaristius maderensis
Actinopterygii,Perciformes,Centrarchidae,Ambloplites rupestris
Actinopterygii,Perciformes,Centrarchidae,Lepomis auritus
Actinopterygii,Perciformes,Centrarchidae,Lepomis cyanellus
Actinopterygii,Perciformes,Centrarchidae,Lepomis gibbosus
Actinopterygii,Perciformes,Centrarchidae,Lepomis gulosus
Actinopterygii,Perciformes,Centrarchidae,Lepomis humilis
Actinopterygii,Perciformes,Centrarchidae,Lepomis macrochirus
Actinopterygii,Perciformes,Centrarchidae,Lepomis megalotis
Actinopterygii,Perciformes,Centrarchidae,Micropterus dolomieu
Actinopterygii,Perciformes,Centrarchidae,Micropterus salmoides
Actinopterygii,Perciformes,Centrarchidae,Pomoxis annularis
Actinopterygii,Perciformes,Centrarchidae,Pomoxis nigromaculatus
Actinopterygii,Perciformes,Centrolophidae,Centrolophus niger
Actinopterygii,Perciformes,Centrolophidae,Hyperoglyphe perciformis
Actinopterygii,Perciformes,Centrolophidae,Icichthys lockingtoni
Actinopterygii,Perciformes,Centrolophidae,Schedophilus medusophagus
Actinopterygii,Perciformes,Cepolidae,Cepola macrophthalma
Actinopterygii,Perciformes,Chaetodontidae,Chaetodon ocellatus
Actinopterygii,Perciformes,Channichthyidae,Champsocephalus esox
Actinopterygii,Perciformes,Chiasmodontidae,Chiasmodon harteli
Actinopterygii,Perciformes,Chiasmodontidae,Chiasmodon niger
Actinopterygii,Perciformes,Chiasmodontidae,Kali indica
Actinopterygii,Perciformes,Chiasmodontidae,Pseudoscopelus altipinnis
Actinopterygii,Perciformes,Chiasmodontidae,Pseudoscopelus astronesthidens
Actinopterygii,Perciformes,Chiasmodontidae,Pseudoscopelus scriptus
Actinopterygii,Perciformes,Cichlidae,Archocentrus nigrofasciatus
Actinopterygii,Perciformes,Cichlidae,Astronotus ocellatus
Actinopterygii,Perciformes,Cichlidae,Hemichromis bimaculatus
Actinopterygii,Perciformes,Cichlidae,Nandopsis managuensis
Actinopterygii,Perciformes,Cichlidae,Pterophyllum scalare
Actinopterygii,Perciformes,Clinidae,Gibbonsia metzi
Actinopterygii,Perciformes,Clinidae,Gibbonsia montereyensis
Actinopterygii,Perciformes,Clinidae,Heterostichus rostratus
Actinopterygii,Perciformes,Coryphaenidae,Coryphaena equiselis
Actinopterygii,Perciformes,Coryphaenidae,Coryphaena hippurus
Actinopterygii,Perciformes,Cryptacanthodidae,Cryptacanthodes aleutensis
Actinopterygii,Perciformes,Cryptacanthodidae,Cryptacanthodes giganteus
Actinopterygii,Perciformes,Cryptacanthodidae,Cryptacanthodes maculatus
Actinopterygii,Perciformes,Draconettidae,Centrodraco acanthopoma
Actinopterygii,Perciformes,Echeneidae,Echeneis naucrates
Actinopterygii,Perciformes,Echeneidae,Remora australis
Actinopterygii,Perciformes,Echeneidae,Remora brachyptera
Actinopterygii,Perciformes,Echeneidae,Remora osteochir
Actinopterygii,Perciformes,Echeneidae,Remora remora
Actinopterygii,Perciformes,Eleginopsidae,Eleginops maclovinus
Actinopterygii,Perciformes,Embiotocidae,Amphistichus koelzi
Actinopterygii,Perciformes,Embiotocidae,Amphistichus rhodoterus
Actinopterygii,Perciformes,Embiotocidae,Brachyistius frenatus
Actinopterygii,Perciformes,Embiotocidae,Cymatogaster aggregata
Actinopterygii,Perciformes,Embiotocidae,Embiotoca lateralis
Actinopterygii,Perciformes,Embiotocidae,Hyperprosopon argenteum
Actinopterygii,Perciformes,Embiotocidae,Hyperprosopon ellipticum
Actinopterygii,Perciformes,Embiotocidae,Phanerodon furcatus
Actinopterygii,Perciformes,Embiotocidae,Rhacochilus vacca
Actinopterygii,Perciformes,Epigonidae,Epigonus affinis
Actinopterygii,Perciformes,Epigonidae,Epigonus denticulatus
Actinopterygii,Perciformes,Epigonidae,Epigonus occidentalis
Actinopterygii,Perciformes,Epigonidae,Epigonus pandionis
Actinopterygii,Perciformes,Epigonidae,Epigonus telescopus
Actinopterygii,Perciformes,Gempylidae,Aphanopus arigato
Actinopterygii,Perciformes,Gempylidae,Aphanopus carbo
Actinopterygii,Perciformes,Gempylidae,Aphanopus intermedius
Actinopterygii,Perciformes,Gempylidae,Diplospinus multistriatus
Actinopterygii,Perciformes,Gempylidae,Evoxymetopon taeniatus
Actinopterygii,Perciformes,Gempylidae,Gempylus serpens
Actinopterygii,Perciformes,Gempylidae,Lepidocybium flavobrunneum
Actinopterygii,Perciformes,Gempylidae,Lepidopus altifrons
Actinopterygii,Perciformes,Gempylidae,Lepidopus caudatus
Actinopterygii,Perciformes,Gempylidae,Nealotus tripes
Actinopterygii,Perciformes,Gempylidae,Neoepinnula orientalis
Actinopterygii,Perciformes,Gempylidae,Nesiarchus nasutus
Actinopterygii,Perciformes,Gempylidae,Promethichthys prometheus
Actinopterygii,Perciformes,Gempylidae,Ruvettus pretiosus
Actinopterygii,Perciformes,Gerreidae,Eucinostomus argenteus
Actinopterygii,Perciformes,Gobiidae,Clevelandia ios
Actinopterygii,Perciformes,Gobiidae,Gobionellus hastatus
Actinopterygii,Perciformes,Gobiidae,Gobiosoma ginsburgi
Actinopterygii,Perciformes,Gobiidae,Lepidogobius lepidus
Actinopterygii,Perciformes,Gobiidae,Luvarus imperialis
Actinopterygii,Perciformes,Gobiidae,Neogobius melanostomus
Actinopterygii,Perciformes,Gobiidae,Proterorhinus marmoratus
Actinopterygii,Perciformes,Gobiidae,Rhinogobiops nicholsii
Actinopterygii,Perciformes,Gobiidae,Thorogobius angolensis
Actinopterygii,Perciformes,Icosteidae,Icosteus aenigmaticus
Actinopterygii,Perciformes,Istiophoridae,Kajikia albida
Actinopterygii,Perciformes,Istiophoridae,Makaira nigricans
Actinopterygii,Perciformes,Istiophoridae,Tetrapterus albidus
Actinopterygii,Perciformes,Istiophoridae,Tetrapturus georgii
Actinopterygii,Perciformes,Istiophoridae,Tetrapturus pfluegeri
Actinopterygii,Perciformes,Kyphosidae,Kyphosus sectator
Actinopterygii,Perciformes,Kyphosidae,Kyphosus sectatrix
Actinopterygii,Perciformes,Kyphosidae,Medialuna californiensis
Actinopterygii,Perciformes,Labridae,Halichoeres bivittatus
Actinopterygii,Perciformes,Labridae,Tautoga onitis
Actinopterygii,Perciformes,Labridae,Tautogolabrus adspersus
Actinopterygii,Perciformes,Labridae,Thalassoma bifasciatum
Actinopterygii,Perciformes,Labridae,Xyrichtys novacula
Actinopterygii,Perciformes,Lobotidae,Lobotes surinamensis
Actinopterygii,Perciformes,Lutjanidae,Lutjanus cyanopterus
Actinopterygii,Perciformes,Lutjanidae,Pristipomoides aquilonaris
Actinopterygii,Perciformes,Lutjanidae,Rhomboplites aurorubens
Actinopterygii,Perciformes,Malacanthidae,Caulolatilus princeps
Actinopterygii,Perciformes,Malacanthidae,Lopholatilus chamaeleonticeps
Actinopterygii,Perciformes,Moronidae,Morone americana
Actinopterygii,Perciformes,Moronidae,Morone chrysops
Actinopterygii,Perciformes,Moronidae,Morone saxatilis
Actinopterygii,Perciformes,Mugilidae,Mugil cephalus
Actinopterygii,Perciformes,Mugilidae,Mugil curema
Actinopterygii,Perciformes,Mullidae,Mullus auratus
Actinopterygii,Perciformes,Nomeidae,Cubiceps capensis
Actinopterygii,Perciformes,Nomeidae,Cubiceps gracilis
Actinopterygii,Perciformes,Nomeidae,Cubiceps pauciradiatus
Actinopterygii,Perciformes,Nomeidae,Nomeus gronovii
Actinopterygii,Perciformes,Nomeidae,Psenes maculatus
Actinopterygii,Perciformes,Nomeidae,Psenes pellucidus
Actinopterygii,Perciformes,Nototheniidae,Patagonotothen sima
Actinopterygii,Perciformes,Nototheniidae,Patagonotothen tessellata
Actinopterygii,Perciformes,Nototheniidae,Patagonotothen wiltoni
Actinopterygii,Perciformes,Osphronemidae,Betta splendens
Actinopterygii,Perciformes,Osphronemidae,Trichogaster trichopterus
Actinopterygii,Perciformes,Pentacerotidae,Pseudopentaceros wheeleri
Actinopterygii,Perciformes,Percichthyidae,Howella brodiei
Actinopterygii,Perciformes,Percichthyidae,Howella sherborni
Actinopterygii,Perciformes,Percidae,Ammocrypta pellucida
Actinopterygii,Perciformes,Percidae,Etheostoma blennioides
Actinopterygii,Perciformes,Percidae,Etheostoma caeruleum
Actinopterygii,Perciformes,Percidae,Etheostoma exile
Actinopterygii,Perciformes,Percidae,Etheostoma flabellare
Actinopterygii,Perciformes,Percidae,Etheostoma microperca
Actinopterygii,Perciformes,Percidae,Etheostoma nigrum
Actinopterygii,Perciformes,Percidae,Etheostoma olmstedi
Actinopterygii,Perciformes,Percidae,Gymnocephalus cernuus
Actinopterygii,Perciformes,Percidae,Perca flavescens
Actinopterygii,Perciformes,Percidae,Percina caprodes
Actinopterygii,Perciformes,Percidae,Percina copelandi
Actinopterygii,Perciformes,Percidae,Percina maculata
Actinopterygii,Perciformes,Percidae,Percina shumardi
Actinopterygii,Perciformes,Percidae,Sander canadensis
Actinopterygii,Perciformes,Percidae,Sander vitreus
Actinopterygii,Perciformes,Pholidae,Apodichthys flavidus
Actinopterygii,Perciformes,Pholidae,Apodichthys fucorum
Actinopterygii,Perciformes,Pholidae,Pholis clemensi
Actinopterygii,Perciformes,Pholidae,Pholis fasciata
Actinopterygii,Perciformes,Pholidae,Pholis gunnellus
Actinopterygii,Perciformes,Pholidae,Pholis laeta
Actinopterygii,Perciformes,Pholidae,Pholis ornata
Actinopterygii,Perciformes,Pholidae,Pholis schultzi
Actinopterygii,Perciformes,Polynemidae,Galeoides decadactylus
Actinopterygii,Perciformes,Polyprionidae,Polyprion americanus
Actinopterygii,Perciformes,Pomacanthidae,Holacanthus bermudensis
Actinopterygii,Perciformes,Pomacentridae,Abudefduf saxatilis
Actinopterygii,Perciformes,Pomacentridae,Amphiprion frenatus
Actinopterygii,Perciformes,Pomacentridae,Amphiprion perideraion
Actinopterygii,Perciformes,Pomacentridae,Dascyllus marginatus
Actinopterygii,Perciformes,Pomacentridae,Plectroglyphidodon sindonis
Actinopterygii,Perciformes,Pomacentridae,Stegastes leucostictus
Actinopterygii,Perciformes,Pomacentridae,Stegastes partitus
Actinopterygii,Perciformes,Pomacentridae,Stegastes planifrons
Actinopterygii,Perciformes,Pomatomidae,Pomatomus saltatrix
Actinopterygii,Perciformes,Priacanthidae,Cookeolus japonicus
Actinopterygii,Perciformes,Priacanthidae,Heteropriacanthus cruentatus
Actinopterygii,Perciformes,Priacanthidae,Priacanthus arenatus
Actinopterygii,Perciformes,Priacanthidae,Pristigenys alta
Actinopterygii,Perciformes,Ptilichthyidae,Ptilichthys goodei
Actinopterygii,Perciformes,Rachycentridae,Rachycentron canadum
Actinopterygii,Perciformes,Sciaenidae,Aplodinotus grunniens
Actinopterygii,Perciformes,Sciaenidae,Atractoscion nobilis
Actinopterygii,Perciformes,Sciaenidae,Cynoscion regalis
Actinopterygii,Perciformes,Sciaenidae,Genyonemus lineatus
Actinopterygii,Perciformes,Sciaenidae,Micropogonias undulatus
Actinopterygii,Perciformes,Sciaenidae,Pogonias cromis
Actinopterygii,Perciformes,Sciaenidae,Seriphus politus
Actinopterygii,Perciformes,Scombridae,Acanthocybium solandri
Actinopterygii,Perciformes,Scombridae,Auxis rochei
Actinopterygii,Perciformes,Scombridae,Euthynnus alletteratus
Actinopterygii,Perciformes,Scombridae,Katsuwonus pelamis
Actinopterygii,Perciformes,Scombridae,Sarda chiliensis
Actinopterygii,Perciformes,Scombridae,Sarda sarda
Actinopterygii,Perciformes,Scombridae,Scomber colias
Actinopterygii,Perciformes,Scombridae,Scomber japonicus
Actinopterygii,Perciformes,Scombridae,Scomber scombrus
Actinopterygii,Perciformes,Scombridae,Scomberomorus cavalla
Actinopterygii,Perciformes,Scombridae,Scomberomorus maculatus
Actinopterygii,Perciformes,Scombridae,Thunnus alalunga
Actinopterygii,Perciformes,Scombridae,Thunnus albacares
Actinopterygii,Perciformes,Scombridae,Thunnus atlanticus
Actinopterygii,Perciformes,Scombridae,Thunnus obesus
Actinopterygii,Perciformes,Scombridae,Thunnus orientalis
Actinopterygii,Perciformes,Scombridae,Thunnus thynnus
Actinopterygii,Perciformes,Scombrolabracidae,Scombrolabrax heterolepis
Actinopterygii,Perciformes,Scytalinidae,Scytalina cerdale
Actinopterygii,Perciformes,Serranidae,Anthias nicholsi
Actinopterygii,Perciformes,Serranidae,Centropristis striata
Actinopterygii,Perciformes,Serranidae,Epinephelus areolatus
Actinopterygii,Perciformes,Serranidae,Epinephelus morio
Actinopterygii,Perciformes,Serranidae,Epinephelus niveatus
Actinopterygii,Perciformes,Serranidae,Hemanthias aureorubens
Actinopterygii,Perciformes,Serranidae,Hemanthias vivanus
Actinopterygii,Perciformes,Serranidae,Hyporthodus niveatus
Actinopterygii,Perciformes,Serranidae,Rypticus bistrispinus
Actinopterygii,Perciformes,Serranidae,Serranus scriba
Actinopterygii,Perciformes,Serranidae,Serranus subligarius
Actinopterygii,Perciformes,Sparidae,Archosargus probatocephalus
Actinopterygii,Perciformes,Sparidae,Stenotomus caprinus
Actinopterygii,Perciformes,Sparidae,Stenotomus chrysops
Actinopterygii,Perciformes,Sphyraenidae,Sphyraena argentea
Actinopterygii,Perciformes,Sphyraenidae,Sphyraena barracuda
Actinopterygii,Perciformes,Sphyraenidae,Sphyraena borealis
Actinopterygii,Perciformes,Stichaeidae,Acantholumpenus mackayi
Actinopterygii,Perciformes,Stichaeidae,Allolumpenus hypochromus
Actinopterygii,Perciformes,Stichaeidae,Anisarchus medius
Actinopterygii,Perciformes,Stichaeidae,Anoplarchus insignis
Actinopterygii,Perciformes,Stichaeidae,Anoplarchus purpurescens
Actinopterygii,Perciformes,Stichaeidae,Bryozoichthys marjorius
Actinopterygii,Perciformes,Stichaeidae,Chirolophis ascanii
Actinopterygii,Perciformes,Stichaeidae,Chirolophis decoratus
Actinopterygii,Perciformes,Stichaeidae,Chirolophis japonicus
Actinopterygii,Perciformes,Stichaeidae,Chirolophis nugator
Actinopterygii,Perciformes,Stichaeidae,Chirolophis tarsodes
Actinopterygii,Perciformes,Stichaeidae,Eumesogrammus praecisus
Actinopterygii,Perciformes,Stichaeidae,Leptoclinus maculatus
Actinopterygii,Perciformes,Stichaeidae,Lumpenella longirostris
Actinopterygii,Perciformes,Stichaeidae,Lumpenopsis hypochroma
Actinopterygii,Perciformes,Stichaeidae,Lumpenus fabricii
Actinopterygii,Perciformes,Stichaeidae,Lumpenus lampretaeformis
Actinopterygii,Perciformes,Stichaeidae,Lumpenus sagitta
Actinopterygii,Perciformes,Stichaeidae,Phytichthys chirus
Actinopterygii,Perciformes,Stichaeidae,Plectobranchus evides
Actinopterygii,Perciformes,Stichaeidae,Poroclinus rothrocki
Actinopterygii,Perciformes,Stichaeidae,Soldatovia polyactocephala
Actinopterygii,Perciformes,Stichaeidae,Stichaeus punctatus
Actinopterygii,Perciformes,Stichaeidae,Ulvaria subbifurcata
Actinopterygii,Perciformes,Stichaeidae,Xiphister atropurpureus
Actinopterygii,Perciformes,Stichaeidae,Xiphister mucosus
Actinopterygii,Perciformes,Stromateidae,Peprilus simillimus
Actinopterygii,Perciformes,Stromateidae,Peprilus triacanthus
Actinopterygii,Perciformes,Tetragonuridae,Tetragonurus atlanticus
Actinopterygii,Perciformes,Tetragonuridae,Tetragonurus cuvieri
Actinopterygii,Perciformes,Trichiuridae,Benthodesmus elongatus
Actinopterygii,Perciformes,Trichiuridae,Benthodesmus pacificus
Actinopterygii,Perciformes,Trichiuridae,Benthodesmus simonyi
Actinopterygii,Perciformes,Trichiuridae,Benthodesmus tenuis
Actinopterygii,Perciformes,Trichiuridae,Trichiurus lepturus
Actinopterygii,Perciformes,Trichodontidae,Trichodon trichodon
Actinopterygii,Perciformes,Uranoscopidae,Astroscopus y-graecum
Actinopterygii,Perciformes,Uranoscopidae,Kathetostoma averruncus
Actinopterygii,Perciformes,Xiphiidae,Xiphias gladius
Actinopterygii,Perciformes,Zaproridae,Zaprora silenus
Actinopterygii,Perciformes,Zoarcidae,Bothrocara brunneum
Actinopterygii,Perciformes,Zoarcidae,Bothrocara molle
Actinopterygii,Perciformes,Zoarcidae,Bothrocara pusillum
Actinopterygii,Perciformes,Zoarcidae,Derepodichthys alepidotus
Actinopterygii,Perciformes,Zoarcidae,Gymnelus hemifasciatus
Actinopterygii,Perciformes,Zoarcidae,Gymnelus retrodorsalis
Actinopterygii,Perciformes,Zoarcidae,Gymnelus viridis
Actinopterygii,Perciformes,Zoarcidae,Lycenchelys camchatica
Actinopterygii,Perciformes,Zoarcidae,Lycenchelys crotalina
Actinopterygii,Perciformes,Zoarcidae,Lycenchelys crotalinus
Actinopterygii,Perciformes,Zoarcidae,Lycenchelys jordani
Actinopterygii,Perciformes,Zoarcidae,Lycenchelys kolthoffi
Actinopterygii,Perciformes,Zoarcidae,Lycenchelys labradorensis
Actinopterygii,Perciformes,Zoarcidae,Lycenchelys micropora
Actinopterygii,Perciformes,Zoarcidae,Lycenchelys muraena
Actinopterygii,Perciformes,Zoarcidae,Lycenchelys paxillus
Actinopterygii,Perciformes,Zoarcidae,Lycenchelys sarsii
Actinopterygii,Perciformes,Zoarcidae,Lycenchelys verrillii
Actinopterygii,Perciformes,Zoarcidae,Lycodapus dermatinus
Actinopterygii,Perciformes,Zoarcidae,Lycodapus endemoscotus
Actinopterygii,Perciformes,Zoarcidae,Lycodapus fierasfer
Actinopterygii,Perciformes,Zoarcidae,Lycodapus leptus
Actinopterygii,Perciformes,Zoarcidae,Lycodapus mandibularis
Actinopterygii,Perciformes,Zoarcidae,Lycodapus pachysoma
Actinopterygii,Perciformes,Zoarcidae,Lycodapus parviceps
Actinopterygii,Perciformes,Zoarcidae,Lycodapus psarostomatus
Actinopterygii,Perciformes,Zoarcidae,Lycodes adolfi
Actinopterygii,Perciformes,Zoarcidae,Lycodes beringi
Actinopterygii,Perciformes,Zoarcidae,Lycodes brevipes
Actinopterygii,Perciformes,Zoarcidae,Lycodes cortezianus
Actinopterygii,Perciformes,Zoarcidae,Lycodes diapterus
Actinopterygii,Perciformes,Zoarcidae,Lycodes esmarkii
Actinopterygii,Perciformes,Zoarcidae,Lycodes eudipleurostictus
Actinopterygii,Perciformes,Zoarcidae,Lycodes frigidus
Actinopterygii,Perciformes,Zoarcidae,Lycodes jugoricus
Actinopterygii,Perciformes,Zoarcidae,Lycodes lavalaei
Actinopterygii,Perciformes,Zoarcidae,Lycodes luetkenii
Actinopterygii,Perciformes,Zoarcidae,Lycodes marisalbi
Actinopterygii,Perciformes,Zoarcidae,Lycodes mcallisteri
Actinopterygii,Perciformes,Zoarcidae,Lycodes mucosus
Actinopterygii,Perciformes,Zoarcidae,Lycodes paamiuti
Actinopterygii,Perciformes,Zoarcidae,Lycodes pacificus
Actinopterygii,Perciformes,Zoarcidae,Lycodes palearis
Actinopterygii,Perciformes,Zoarcidae,Lycodes pallidus
Actinopterygii,Perciformes,Zoarcidae,Lycodes polaris
Actinopterygii,Perciformes,Zoarcidae,Lycodes reticulatus
Actinopterygii,Perciformes,Zoarcidae,Lycodes rossi
Actinopterygii,Perciformes,Zoarcidae,Lycodes rossii
Actinopterygii,Perciformes,Zoarcidae,Lycodes sagittarius
Actinopterygii,Perciformes,Zoarcidae,Lycodes seminudus
Actinopterygii,Perciformes,Zoarcidae,Lycodes squamiventer
Actinopterygii,Perciformes,Zoarcidae,Lycodes terraenovae
Actinopterygii,Perciformes,Zoarcidae,Lycodes turneri
Actinopterygii,Perciformes,Zoarcidae,Lycodes vahlii
Actinopterygii,Perciformes,Zoarcidae,Lycodonus mirabilis
Actinopterygii,Perciformes,Zoarcidae,Melanostigma atlanticum
Actinopterygii,Perciformes,Zoarcidae,Melanostigma pammelas
Actinopterygii,Perciformes,Zoarcidae,Pachycara bulbiceps
Actinopterygii,Perciformes,Zoarcidae,Pachycara crassiceps
Actinopterygii,Perciformes,Zoarcidae,Pachycara gymninium
Actinopterygii,Perciformes,Zoarcidae,Pachycara lepinium
Actinopterygii,Perciformes,Zoarcidae,Taranetzella lyoderma
Actinopterygii,Perciformes,Zoarcidae,Zoarces americanus
Actinopterygii,Perciformes,Zoarcidae,Zoarces viviparus
Actinopterygii,Percopsiformes,Percopsidae,Percopsis omiscomaycus
Actinopterygii,Pleuronectiformes,Achiridae,Trinectes maculatus
Actinopterygii,Pleuronectiformes,Bothidae,Arnoglossus thori
Actinopterygii,Pleuronectiformes,Bothidae,Bothus ocellatus
Actinopterygii,Pleuronectiformes,Bothidae,Bothus robinsi
Actinopterygii,Pleuronectiformes,Bothidae,Engyophrys senta
Actinopterygii,Pleuronectiformes,Bothidae,Monolene antillarum
Actinopterygii,Pleuronectiformes,Bothidae,Monolene sessilicauda
Actinopterygii,Pleuronectiformes,Bothidae,Trichopsetta orbisulcus
Actinopterygii,Pleuronectiformes,Bothidae,Trichopsetta ventralis
Actinopterygii,Pleuronectiformes,Cynoglossidae,Symphurus billykrietei
Actinopterygii,Pleuronectiformes,Cynoglossidae,Symphurus diomedeanus
Actinopterygii,Pleuronectiformes,Cynoglossidae,Symphurus marginatus
Actinopterygii,Pleuronectiformes,Cynoglossidae,Symphurus minor
Actinopterygii,Pleuronectiformes,Cynoglossidae,Symphurus plagiusa
Actinopterygii,Pleuronectiformes,Paralichthyidae,Citharichthys arctifrons
Actinopterygii,Pleuronectiformes,Paralichthyidae,Citharichthys cornutus
Actinopterygii,Pleuronectiformes,Paralichthyidae,Citharichthys gymnorhinus
Actinopterygii,Pleuronectiformes,Paralichthyidae,Citharichthys sordidus
Actinopterygii,Pleuronectiformes,Paralichthyidae,Citharichthys spilopterus
Actinopterygii,Pleuronectiformes,Paralichthyidae,Citharichthys stigmaeus
Actinopterygii,Pleuronectiformes,Paralichthyidae,Cyclopsetta fimbriata
Actinopterygii,Pleuronectiformes,Paralichthyidae,Etropus crossotus
Actinopterygii,Pleuronectiformes,Paralichthyidae,Etropus microstomus
Actinopterygii,Pleuronectiformes,Paralichthyidae,Hippoglossina oblonga
Actinopterygii,Pleuronectiformes,Paralichthyidae,Paralichthys californicus
Actinopterygii,Pleuronectiformes,Paralichthyidae,Paralichthys dentatus
Actinopterygii,Pleuronectiformes,Paralichthyidae,Paralichthys oblongus
Actinopterygii,Pleuronectiformes,Paralichthyidae,Pseudorhombus megalops
Actinopterygii,Pleuronectiformes,Paralichthyidae,Syacium micrurum
Actinopterygii,Pleuronectiformes,Paralichthyidae,Syacium papillosum
Actinopterygii,Pleuronectiformes,Paralichthyidae,Thysanopsetta naresi
Actinopterygii,Pleuronectiformes,Pleuronectidae,Atheresthes evermanni
Actinopterygii,Pleuronectiformes,Pleuronectidae,Atheresthes stomias
Actinopterygii,Pleuronectiformes,Pleuronectidae,Clidoderma asperrimum
Actinopterygii,Pleuronectiformes,Pleuronectidae,Embassichthys bathybius
Actinopterygii,Pleuronectiformes,Pleuronectidae,Eopsetta exilis
Actinopterygii,Pleuronectiformes,Pleuronectidae,Eopsetta jordani
Actinopterygii,Pleuronectiformes,Pleuronectidae,Glyptocephalus cynoglossus
Actinopterygii,Pleuronectiformes,Pleuronectidae,Glyptocephalus zachirus
Actinopterygii,Pleuronectiformes,Pleuronectidae,Hippoglossoides elassodon
Actinopterygii,Pleuronectiformes,Pleuronectidae,Hippoglossoides platessoides
Actinopterygii,Pleuronectiformes,Pleuronectidae,Hippoglossoides robustus
Actinopterygii,Pleuronectiformes,Pleuronectidae,Hippoglossus hippoglossus
Actinopterygii,Pleuronectiformes,Pleuronectidae,Hippoglossus stenolepis
Actinopterygii,Pleuronectiformes,Pleuronectidae,Inopsetta ischyra
Actinopterygii,Pleuronectiformes,Pleuronectidae,Isopsetta isolepis
Actinopterygii,Pleuronectiformes,Pleuronectidae,Lepidopsetta bilineata
Actinopterygii,Pleuronectiformes,Pleuronectidae,Lepidopsetta polyxystra
Actinopterygii,Pleuronectiformes,Pleuronectidae,Limanda aspera
Actinopterygii,Pleuronectiformes,Pleuronectidae,Limanda ferruginea
Actinopterygii,Pleuronectiformes,Pleuronectidae,Limanda proboscidea
Actinopterygii,Pleuronectiformes,Pleuronectidae,Liopsetta glacialis
Actinopterygii,Pleuronectiformes,Pleuronectidae,Lyopsetta exilis
Actinopterygii,Pleuronectiformes,Pleuronectidae,Microstomus kitt
Actinopterygii,Pleuronectiformes,Pleuronectidae,Microstomus pacificus
Actinopterygii,Pleuronectiformes,Pleuronectidae,Parophrys vetulus
Actinopterygii,Pleuronectiformes,Pleuronectidae,Platichthys flesus
Actinopterygii,Pleuronectiformes,Pleuronectidae,Platichthys stellatus
Actinopterygii,Pleuronectiformes,Pleuronectidae,Pleuronectes glacialis
Actinopterygii,Pleuronectiformes,Pleuronectidae,Pleuronectes platessa
Actinopterygii,Pleuronectiformes,Pleuronectidae,Pleuronectes proboscidea
Actinopterygii,Pleuronectiformes,Pleuronectidae,Pleuronectes putnami
Actinopterygii,Pleuronectiformes,Pleuronectidae,Pleuronichthys coenosus
Actinopterygii,Pleuronectiformes,Pleuronectidae,Pleuronichthys decurrens
Actinopterygii,Pleuronectiformes,Pleuronectidae,Poecilopsetta beanii
Actinopterygii,Pleuronectiformes,Pleuronectidae,Psettichthys melanostictus
Actinopterygii,Pleuronectiformes,Pleuronectidae,Pseudopleuronectes americanus
Actinopterygii,Pleuronectiformes,Pleuronectidae,Reinhardtius hippoglossoides
Actinopterygii,Pleuronectiformes,Scophthalmidae,Scophthalmus aquosus
Actinopterygii,Pleuronectiformes,Scophthalmidae,Scophthalmus rhombus
Actinopterygii,Pleuronectiformes,Scophthalmidae,Zeugopterus punctatus
Actinopterygii,Pleuronectiformes,Soleidae,Microchirus frechkopi
Actinopterygii,Polymixiiformes,Polymixiidae,Polymixia lowei
Actinopterygii,Polymixiiformes,Polymixiidae,Polymixia nobilis
Actinopterygii,Saccopharyngiformes,Cyematidae,Cyema atrum
Actinopterygii,Saccopharyngiformes,Cyematidae,Neocyema erythrosoma
Actinopterygii,Saccopharyngiformes,Eurypharyngidae,Eurypharynx pelecanoides
Actinopterygii,Saccopharyngiformes,Saccopharyngidae,Saccopharynx ampullaceus
Actinopterygii,Salmoniformes,Salmonidae,Coregonus alpenae
Actinopterygii,Salmoniformes,Salmonidae,Coregonus artedi
Actinopterygii,Salmoniformes,Salmonidae,Coregonus autumnalis
Actinopterygii,Salmoniformes,Salmonidae,Coregonus clupeaformis
Actinopterygii,Salmoniformes,Salmonidae,Coregonus hoyi
Actinopterygii,Salmoniformes,Salmonidae,Coregonus huntsmani
Actinopterygii,Salmoniformes,Salmonidae,Coregonus johannae
Actinopterygii,Salmoniformes,Salmonidae,Coregonus kiyi
Actinopterygii,Salmoniformes,Salmonidae,Coregonus laurettae
Actinopterygii,Salmoniformes,Salmonidae,Coregonus lavaretus
Actinopterygii,Salmoniformes,Salmonidae,Coregonus nasus
Actinopterygii,Salmoniformes,Salmonidae,Coregonus nelsonii
Actinopterygii,Salmoniformes,Salmonidae,Coregonus nigripinnis
Actinopterygii,Salmoniformes,Salmonidae,Coregonus nipigon
Actinopterygii,Salmoniformes,Salmonidae,Coregonus pidschian
Actinopterygii,Salmoniformes,Salmonidae,Coregonus reighardi
Actinopterygii,Salmoniformes,Salmonidae,Coregonus sardinella
Actinopterygii,Salmoniformes,Salmonidae,Coregonus zenithicus
Actinopterygii,Salmoniformes,Salmonidae,Hucho hucho
Actinopterygii,Salmoniformes,Salmonidae,Oncorhynchus aguabonita
Actinopterygii,Salmoniformes,Salmonidae,Oncorhynchus clarkii bouvieri
Actinopterygii,Salmoniformes,Salmonidae,Oncorhynchus clarkii clarkii
Actinopterygii,Salmoniformes,Salmonidae,Oncorhynchus clarkii lewisi
Actinopterygii,Salmoniformes,Salmonidae,Oncorhynchus gorbuscha
Actinopterygii,Salmoniformes,Salmonidae,Oncorhynchus keta
Actinopterygii,Salmoniformes,Salmonidae,Oncorhynchus kisutch
Actinopterygii,Salmoniformes,Salmonidae,Oncorhynchus masou
Actinopterygii,Salmoniformes,Salmonidae,Oncorhynchus mykiss
Actinopterygii,Salmoniformes,Salmonidae,Oncorhynchus nerka
Actinopterygii,Salmoniformes,Salmonidae,Oncorhynchus tshawytscha
Actinopterygii,Salmoniformes,Salmonidae,Prosopium coulterii
Actinopterygii,Salmoniformes,Salmonidae,Prosopium cylindraceum
Actinopterygii,Salmoniformes,Salmonidae,Prosopium williamsoni
Actinopterygii,Salmoniformes,Salmonidae,Salmo salar
Actinopterygii,Salmoniformes,Salmonidae,Salmo trutta
Actinopterygii,Salmoniformes,Salmonidae,Salvelinus alpinus
Actinopterygii,Salmoniformes,Salmonidae,Salvelinus confluentus
Actinopterygii,Salmoniformes,Salmonidae,Salvelinus fontinalis
Actinopterygii,Salmoniformes,Salmonidae,Salvelinus fontinalis timagamiensis
Actinopterygii,Salmoniformes,Salmonidae,Salvelinus malma
Actinopterygii,Salmoniformes,Salmonidae,Salvelinus namaycush
Actinopterygii,Salmoniformes,Salmonidae,Stenodus leucichthys
Actinopterygii,Salmoniformes,Salmonidae,Stenodus nelma
Actinopterygii,Salmoniformes,Salmonidae,Thymallus arcticus
Actinopterygii,Scorpaeniformes,Agonidae,Agonopsis vulsa
Actinopterygii,Scorpaeniformes,Agonidae,Agonus cataphractus
Actinopterygii,Scorpaeniformes,Agonidae,Anoplagonus inermis
Actinopterygii,Scorpaeniformes,Agonidae,Aspidophoroides monopterygius
Actinopterygii,Scorpaeniformes,Agonidae,Aspidophoroides olrikii
Actinopterygii,Scorpaeniformes,Agonidae,Bathyagonus alascanus
Actinopterygii,Scorpaeniformes,Agonidae,Bathyagonus infraspinatus
Actinopterygii,Scorpaeniformes,Agonidae,Bathyagonus nigripinnis
Actinopterygii,Scorpaeniformes,Agonidae,Bathyagonus pentacanthus
Actinopterygii,Scorpaeniformes,Agonidae,Bothragonus swanii
Actinopterygii,Scorpaeniformes,Agonidae,Chesnonia verrucosa
Actinopterygii,Scorpaeniformes,Agonidae,Hypsagonus mozinoi
Actinopterygii,Scorpaeniformes,Agonidae,Hypsagonus quadricornis
Actinopterygii,Scorpaeniformes,Agonidae,Leptagonus decagonus
Actinopterygii,Scorpaeniformes,Agonidae,Leptagonus frenatus
Actinopterygii,Scorpaeniformes,Agonidae,Occella impi
Actinopterygii,Scorpaeniformes,Agonidae,Odontopyxis trispinosa
Actinopterygii,Scorpaeniformes,Agonidae,Pallasina aix
Actinopterygii,Scorpaeniformes,Agonidae,Pallasina barbata
Actinopterygii,Scorpaeniformes,Agonidae,Podothecus accipenserinus
Actinopterygii,Scorpaeniformes,Agonidae,Stellerina xyosterna
Actinopterygii,Scorpaeniformes,Agonidae,Ulcina olrikii
Actinopterygii,Scorpaeniformes,Agonidae,Xeneretmus latifrons
Actinopterygii,Scorpaeniformes,Agonidae,Xeneretmus leiops
Actinopterygii,Scorpaeniformes,Agonidae,Xeneretmus triacanthus
Actinopterygii,Scorpaeniformes,Anoplopomatidae,Anoplopoma fimbria
Actinopterygii,Scorpaeniformes,Anoplopomatidae,Erilepis zonifer
Actinopterygii,Scorpaeniformes,Cottidae,Artediellus atlanticus
Actinopterygii,Scorpaeniformes,Cottidae,Artediellus scaber
Actinopterygii,Scorpaeniformes,Cottidae,Artediellus uncinatus
Actinopterygii,Scorpaeniformes,Cottidae,Artedius fenestralis
Actinopterygii,Scorpaeniformes,Cottidae,Artedius harringtoni
Actinopterygii,Scorpaeniformes,Cottidae,Artedius lateralis
Actinopterygii,Scorpaeniformes,Cottidae,Ascelichthys rhodorus
Actinopterygii,Scorpaeniformes,Cottidae,Asemichthys taylori
Actinopterygii,Scorpaeniformes,Cottidae,Chitonotus pugetensis
Actinopterygii,Scorpaeniformes,Cottidae,Clinocottus acuticeps
Actinopterygii,Scorpaeniformes,Cottidae,Clinocottus embryum
Actinopterygii,Scorpaeniformes,Cottidae,Clinocottus globiceps
Actinopterygii,Scorpaeniformes,Cottidae,Cottus aleuticus
Actinopterygii,Scorpaeniformes,Cottidae,Cottus asper
Actinopterygii,Scorpaeniformes,Cottidae,Cottus bairdii
Actinopterygii,Scorpaeniformes,Cottidae,Cottus cognatus
Actinopterygii,Scorpaeniformes,Cottidae,Cottus confusus
Actinopterygii,Scorpaeniformes,Cottidae,Cottus hubbsi
Actinopterygii,Scorpaeniformes,Cottidae,Cottus punctulatus
Actinopterygii,Scorpaeniformes,Cottidae,Cottus rhotheus
Actinopterygii,Scorpaeniformes,Cottidae,Cottus ricei
Actinopterygii,Scorpaeniformes,Cottidae,Enophrys bison
Actinopterygii,Scorpaeniformes,Cottidae,Enophrys diceraus
Actinopterygii,Scorpaeniformes,Cottidae,Enophrys lucasi
Actinopterygii,Scorpaeniformes,Cottidae,Gymnocanthus galeatus
Actinopterygii,Scorpaeniformes,Cottidae,Gymnocanthus pistilliger
Actinopterygii,Scorpaeniformes,Cottidae,Gymnocanthus tricuspis
Actinopterygii,Scorpaeniformes,Cottidae,Hemilepidotus hemilepidotus
Actinopterygii,Scorpaeniformes,Cottidae,Hemilepidotus jordani
Actinopterygii,Scorpaeniformes,Cottidae,Hemilepidotus spinosus
Actinopterygii,Scorpaeniformes,Cottidae,Icelinus borealis
Actinopterygii,Scorpaeniformes,Cottidae,Icelinus burchami
Actinopterygii,Scorpaeniformes,Cottidae,Icelinus filamentosus
Actinopterygii,Scorpaeniformes,Cottidae,Icelinus fimbriatus
Actinopterygii,Scorpaeniformes,Cottidae,Icelinus quadriseriatus
Actinopterygii,Scorpaeniformes,Cottidae,Icelinus tenuis
Actinopterygii,Scorpaeniformes,Cottidae,Icelus bicornis
Actinopterygii,Scorpaeniformes,Cottidae,Icelus spatula
Actinopterygii,Scorpaeniformes,Cottidae,Icelus spiniger
Actinopterygii,Scorpaeniformes,Cottidae,Jordania zonope
Actinopterygii,Scorpaeniformes,Cottidae,Leptocottus armatus
Actinopterygii,Scorpaeniformes,Cottidae,Myoxocephalus aenaeus
Actinopterygii,Scorpaeniformes,Cottidae,Myoxocephalus octodecemspinosus
Actinopterygii,Scorpaeniformes,Cottidae,Myoxocephalus polyacanthocephalus
Actinopterygii,Scorpaeniformes,Cottidae,Myoxocephalus quadricornis
Actinopterygii,Scorpaeniformes,Cottidae,Myoxocephalus scorpioides
Actinopterygii,Scorpaeniformes,Cottidae,Myoxocephalus scorpius
Actinopterygii,Scorpaeniformes,Cottidae,Myoxocephalus thompsonii
Actinopterygii,Scorpaeniformes,Cottidae,Myoxocephalus verrucosus
Actinopterygii,Scorpaeniformes,Cottidae,Oligocottus maculosus
Actinopterygii,Scorpaeniformes,Cottidae,Oligocottus rimensis
Actinopterygii,Scorpaeniformes,Cottidae,Oligocottus snyderi
Actinopterygii,Scorpaeniformes,Cottidae,Paricelinus hopliticus
Actinopterygii,Scorpaeniformes,Cottidae,Radulinus asprellus
Actinopterygii,Scorpaeniformes,Cottidae,Radulinus boleoides
Actinopterygii,Scorpaeniformes,Cottidae,Radulinus taylori
Actinopterygii,Scorpaeniformes,Cottidae,Ruscarius meanyi
Actinopterygii,Scorpaeniformes,Cottidae,Scorpaenichthys marmoratus
Actinopterygii,Scorpaeniformes,Cottidae,Synchirus gilli
Actinopterygii,Scorpaeniformes,Cottidae,Triglops jordani
Actinopterygii,Scorpaeniformes,Cottidae,Triglops macellus
Actinopterygii,Scorpaeniformes,Cottidae,Triglops murrayi
Actinopterygii,Scorpaeniformes,Cottidae,Triglops nybelini
Actinopterygii,Scorpaeniformes,Cottidae,Triglops pingelii
Actinopterygii,Scorpaeniformes,Cottidae,Zesticelus profundorum
Actinopterygii,Scorpaeniformes,Cyclopteridae,Acantholiparis caecus
Actinopterygii,Scorpaeniformes,Cyclopteridae,Acantholiparis opercularis
Actinopterygii,Scorpaeniformes,Cyclopteridae,Aptocyclus ventricosus
Actinopterygii,Scorpaeniformes,Cyclopteridae,Careproctus cypselurus
Actinopterygii,Scorpaeniformes,Cyclopteridae,Careproctus gilberti
Actinopterygii,Scorpaeniformes,Cyclopteridae,Careproctus kidoi
Actinopterygii,Scorpaeniformes,Cyclopteridae,Careproctus longipinnis
Actinopterygii,Scorpaeniformes,Cyclopteridae,Careproctus melanurus
Actinopterygii,Scorpaeniformes,Cyclopteridae,Careproctus oregonensis
Actinopterygii,Scorpaeniformes,Cyclopteridae,Careproctus ovigerus
Actinopterygii,Scorpaeniformes,Cyclopteridae,Careproctus ranulus
Actinopterygii,Scorpaeniformes,Cyclopteridae,Careproctus reinhardti
Actinopterygii,Scorpaeniformes,Cyclopteridae,Cyclopteropsis jordani
Actinopterygii,Scorpaeniformes,Cyclopteridae,Cyclopteropsis mcalpini
Actinopterygii,Scorpaeniformes,Cyclopteridae,Cyclopterus lumpus
Actinopterygii,Scorpaeniformes,Cyclopteridae,Elassodiscus caudatus
Actinopterygii,Scorpaeniformes,Cyclopteridae,Eumicrotremus derjugini
Actinopterygii,Scorpaeniformes,Cyclopteridae,Eumicrotremus eggvinii
Actinopterygii,Scorpaeniformes,Cyclopteridae,Eumicrotremus orbis
Actinopterygii,Scorpaeniformes,Cyclopteridae,Eumicrotremus spinosus
Actinopterygii,Scorpaeniformes,Cyclopteridae,Eumicrotremus terraenovae
Actinopterygii,Scorpaeniformes,Cyclopteridae,Liparis adiastolus
Actinopterygii,Scorpaeniformes,Cyclopteridae,Liparis atlanticus
Actinopterygii,Scorpaeniformes,Cyclopteridae,Liparis callyodon
Actinopterygii,Scorpaeniformes,Cyclopteridae,Liparis coheni
Actinopterygii,Scorpaeniformes,Cyclopteridae,Liparis cyclopus
Actinopterygii,Scorpaeniformes,Cyclopteridae,Liparis dennyi
Actinopterygii,Scorpaeniformes,Cyclopteridae,Liparis fabricii
Actinopterygii,Scorpaeniformes,Cyclopteridae,Liparis florae
Actinopterygii,Scorpaeniformes,Cyclopteridae,Liparis fucensis
Actinopterygii,Scorpaeniformes,Cyclopteridae,Liparis gibbus
Actinopterygii,Scorpaeniformes,Cyclopteridae,Liparis greeni
Actinopterygii,Scorpaeniformes,Cyclopteridae,Liparis inquilinus
Actinopterygii,Scorpaeniformes,Cyclopteridae,Liparis mucosus
Actinopterygii,Scorpaeniformes,Cyclopteridae,Liparis pulchellus
Actinopterygii,Scorpaeniformes,Cyclopteridae,Liparis rutteri
Actinopterygii,Scorpaeniformes,Cyclopteridae,Liparis tunicatus
Actinopterygii,Scorpaeniformes,Cyclopteridae,Lipariscus nanus
Actinopterygii,Scorpaeniformes,Cyclopteridae,Nectoliparis pelagicus
Actinopterygii,Scorpaeniformes,Cyclopteridae,Osteodiscus cascadiae
Actinopterygii,Scorpaeniformes,Cyclopteridae,Paraliparis bathybius
Actinopterygii,Scorpaeniformes,Cyclopteridae,Paraliparis calidus
Actinopterygii,Scorpaeniformes,Cyclopteridae,Paraliparis cephalus
Actinopterygii,Scorpaeniformes,Cyclopteridae,Paraliparis copei
Actinopterygii,Scorpaeniformes,Cyclopteridae,Paraliparis deani
Actinopterygii,Scorpaeniformes,Cyclopteridae,Paraliparis garmani
Actinopterygii,Scorpaeniformes,Cyclopteridae,Paraliparis hystrix
Actinopterygii,Scorpaeniformes,Cyclopteridae,Paraliparis latifrons
Actinopterygii,Scorpaeniformes,Cyclopteridae,Paraliparis melanobranchus
Actinopterygii,Scorpaeniformes,Cyclopteridae,Paraliparis mento
Actinopterygii,Scorpaeniformes,Cyclopteridae,Paraliparis paucidens
Actinopterygii,Scorpaeniformes,Cyclopteridae,Paraliparis pectoralis
Actinopterygii,Scorpaeniformes,Cyclopteridae,Paraliparis rosaceus
Actinopterygii,Scorpaeniformes,Cyclopteridae,Paraliparis vaillanti
Actinopterygii,Scorpaeniformes,Cyclopteridae,Psednos harteli
Actinopterygii,Scorpaeniformes,Cyclopteridae,Rhinoliparis attenuatus
Actinopterygii,Scorpaeniformes,Cyclopteridae,Rhodichthys regina
Actinopterygii,Scorpaeniformes,Dactylopteridae,Dactylopterus volitans
Actinopterygii,Scorpaeniformes,Hemitripteridae,Blepsias bilobus
Actinopterygii,Scorpaeniformes,Hemitripteridae,Blepsias cirrhosus
Actinopterygii,Scorpaeniformes,Hemitripteridae,Hemitripterus americanus
Actinopterygii,Scorpaeniformes,Hemitripteridae,Hemitripterus bolini
Actinopterygii,Scorpaeniformes,Hemitripteridae,Nautichthys oculofasciatus
Actinopterygii,Scorpaeniformes,Hemitripteridae,Nautichthys robustus
Actinopterygii,Scorpaeniformes,Hexagrammidae,Hexagrammos decagrammus
Actinopterygii,Scorpaeniformes,Hexagrammidae,Hexagrammos lagocephalus
Actinopterygii,Scorpaeniformes,Hexagrammidae,Hexagrammos octogrammus
Actinopterygii,Scorpaeniformes,Hexagrammidae,Hexagrammos stelleri
Actinopterygii,Scorpaeniformes,Hexagrammidae,Ophiodon elongatus
Actinopterygii,Scorpaeniformes,Hexagrammidae,Oxylebius pictus
Actinopterygii,Scorpaeniformes,Hexagrammidae,Pleurogrammus monopterygius
Actinopterygii,Scorpaeniformes,Hexagrammidae,Zaniolepis latipinnis
Actinopterygii,Scorpaeniformes,Liparidae,Careproctus attenuatus
Actinopterygii,Scorpaeniformes,Liparidae,Careproctus canus
Actinopterygii,Scorpaeniformes,Liparidae,Careproctus colletti
Actinopterygii,Scorpaeniformes,Liparidae,Careproctus furcellus
Actinopterygii,Scorpaeniformes,Liparidae,Careproctus georgianus
Actinopterygii,Scorpaeniformes,Liparidae,Careproctus micropus
Actinopterygii,Scorpaeniformes,Liparidae,Careproctus ranula
Actinopterygii,Scorpaeniformes,Liparidae,Liparis bathyarcticus
Actinopterygii,Scorpaeniformes,Liparidae,Liparis liparis
Actinopterygii,Scorpaeniformes,Liparidae,Paraliparis dactylosus
Actinopterygii,Scorpaeniformes,Liparidae,Paraliparis liparinus
Actinopterygii,Scorpaeniformes,Liparidae,Polypera greeni
Actinopterygii,Scorpaeniformes,Peristediidae,Peristedion amblygenys
Actinopterygii,Scorpaeniformes,Peristediidae,Peristedion gracile
Actinopterygii,Scorpaeniformes,Peristediidae,Peristedion miniatum
Actinopterygii,Scorpaeniformes,Psychrolutidae,Cottunculus microps
Actinopterygii,Scorpaeniformes,Psychrolutidae,Cottunculus sadko
Actinopterygii,Scorpaeniformes,Psychrolutidae,Cottunculus thomsonii
Actinopterygii,Scorpaeniformes,Psychrolutidae,Dasycottus setiger
Actinopterygii,Scorpaeniformes,Psychrolutidae,Malacocottus kincaidi
Actinopterygii,Scorpaeniformes,Psychrolutidae,Malacocottus zonurus
Actinopterygii,Scorpaeniformes,Psychrolutidae,Psychrolutes paradoxus
Actinopterygii,Scorpaeniformes,Psychrolutidae,Psychrolutes phrictus
Actinopterygii,Scorpaeniformes,Psychrolutidae,Psychrolutes sigalutes
Actinopterygii,Scorpaeniformes,Rhamphocottidae,Rhamphocottus richardsonii
Actinopterygii,Scorpaeniformes,Scorpaenidae,Pontinus rathbuni
Actinopterygii,Scorpaeniformes,Scorpaenidae,Scorpaena brasiliensis
Actinopterygii,Scorpaeniformes,Scorpaenidae,Scorpaena calcarata
Actinopterygii,Scorpaeniformes,Sebastidae,Helicolenus dactylopterus
Actinopterygii,Scorpaeniformes,Sebastidae,Sebastes aleutianus
Actinopterygii,Scorpaeniformes,Sebastidae,Sebastes alutus
Actinopterygii,Scorpaeniformes,Sebastidae,Sebastes auriculatus
Actinopterygii,Scorpaeniformes,Sebastidae,Sebastes aurora
Actinopterygii,Scorpaeniformes,Sebastidae,Sebastes babcocki
Actinopterygii,Scorpaeniformes,Sebastidae,Sebastes borealis
Actinopterygii,Scorpaeniformes,Sebastidae,Sebastes brevispinis
Actinopterygii,Scorpaeniformes,Sebastidae,Sebastes caurinus
Actinopterygii,Scorpaeniformes,Sebastidae,Sebastes chlorostictus
Actinopterygii,Scorpaeniformes,Sebastidae,Sebastes chrysomelas
Actinopterygii,Scorpaeniformes,Sebastidae,Sebastes ciliatus
Actinopterygii,Scorpaeniformes,Sebastidae,Sebastes crameri
Actinopterygii,Scorpaeniformes,Sebastidae,Sebastes diploproa
Actinopterygii,Scorpaeniformes,Sebastidae,Sebastes elongatus
Actinopterygii,Scorpaeniformes,Sebastidae,Sebastes emphaeus
Actinopterygii,Scorpaeniformes,Sebastidae,Sebastes entomelas
Actinopterygii,Scorpaeniformes,Sebastidae,Sebastes fasciatus
Actinopterygii,Scorpaeniformes,Sebastidae,Sebastes flavidus
Actinopterygii,Scorpaeniformes,Sebastidae,Sebastes goodei
Actinopterygii,Scorpaeniformes,Sebastidae,Sebastes helvomaculatus
Actinopterygii,Scorpaeniformes,Sebastidae,Sebastes jordani
Actinopterygii,Scorpaeniformes,Sebastidae,Sebastes maliger
Actinopterygii,Scorpaeniformes,Sebastidae,Sebastes melanops
Actinopterygii,Scorpaeniformes,Sebastidae,Sebastes melanostictus
Actinopterygii,Scorpaeniformes,Sebastidae,Sebastes melanostomus
Actinopterygii,Scorpaeniformes,Sebastidae,Sebastes mentella
Actinopterygii,Scorpaeniformes,Sebastidae,Sebastes miniatus
Actinopterygii,Scorpaeniformes,Sebastidae,Sebastes mystinus
Actinopterygii,Scorpaeniformes,Sebastidae,Sebastes nebulosus
Actinopterygii,Scorpaeniformes,Sebastidae,Sebastes nigrocinctus
Actinopterygii,Scorpaeniformes,Sebastidae,Sebastes norvegicus
Actinopterygii,Scorpaeniformes,Sebastidae,Sebastes paucispinis
Actinopterygii,Scorpaeniformes,Sebastidae,Sebastes pinniger
Actinopterygii,Scorpaeniformes,Sebastidae,Sebastes polyspinis
Actinopterygii,Scorpaeniformes,Sebastidae,Sebastes proriger
Actinopterygii,Scorpaeniformes,Sebastidae,Sebastes reedi
Actinopterygii,Scorpaeniformes,Sebastidae,Sebastes rosaceus
Actinopterygii,Scorpaeniformes,Sebastidae,Sebastes ruberrimus
Actinopterygii,Scorpaeniformes,Sebastidae,Sebastes rubrivinctus
Actinopterygii,Scorpaeniformes,Sebastidae,Sebastes rufus
Actinopterygii,Scorpaeniformes,Sebastidae,Sebastes saxicola
Actinopterygii,Scorpaeniformes,Sebastidae,Sebastes semicinctus
Actinopterygii,Scorpaeniformes,Sebastidae,Sebastes serranoides
Actinopterygii,Scorpaeniformes,Sebastidae,Sebastes variabilis
Actinopterygii,Scorpaeniformes,Sebastidae,Sebastes variegatus
Actinopterygii,Scorpaeniformes,Sebastidae,Sebastes wilsoni
Actinopterygii,Scorpaeniformes,Sebastidae,Sebastes zacentrus
Actinopterygii,Scorpaeniformes,Sebastidae,Sebastolobus alascanus
Actinopterygii,Scorpaeniformes,Sebastidae,Sebastolobus altivelis
Actinopterygii,Scorpaeniformes,Sebastidae,Trachyscorpia cristulata
Actinopterygii,Scorpaeniformes,Setarchidae,Ectreposebastes imus
Actinopterygii,Scorpaeniformes,Setarchidae,Setarches guentheri
Actinopterygii,Scorpaeniformes,Triglidae,Bellator egretta
Actinopterygii,Scorpaeniformes,Triglidae,Prionotus carolinus
Actinopterygii,Scorpaeniformes,Triglidae,Prionotus evolans
Actinopterygii,Siluriformes,Aspredinidae,Aspredo aspredo
Actinopterygii,Siluriformes,Ictaluridae,Ameiurus melas
Actinopterygii,Siluriformes,Ictaluridae,Ameiurus natalis
Actinopterygii,Siluriformes,Ictaluridae,Ameiurus nebulosus
Actinopterygii,Siluriformes,Ictaluridae,Ictalurus punctatus
Actinopterygii,Siluriformes,Ictaluridae,Noturus flavus
Actinopterygii,Siluriformes,Ictaluridae,Noturus gyrinus
Actinopterygii,Siluriformes,Ictaluridae,Noturus insignis
Actinopterygii,Siluriformes,Ictaluridae,Noturus miurus
Actinopterygii,Siluriformes,Ictaluridae,Noturus stigmosus
Actinopterygii,Siluriformes,Ictaluridae,Pylodictis olivaris
Actinopterygii,Siluriformes,Loricariidae,Panaque nigrolineatus
Actinopterygii,Siluriformes,Loricariidae,Panaque suttonorum
Actinopterygii,Stephanoberyciformes,Melamphaidae,Melamphaes eulepis
Actinopterygii,Stephanoberyciformes,Melamphaidae,Melamphaes leprus
Actinopterygii,Stephanoberyciformes,Melamphaidae,Melamphaes longivelis
Actinopterygii,Stephanoberyciformes,Melamphaidae,Melamphaes lugubris
Actinopterygii,Stephanoberyciformes,Melamphaidae,Melamphaes microps
Actinopterygii,Stephanoberyciformes,Melamphaidae,Melamphaes polylepis
Actinopterygii,Stephanoberyciformes,Melamphaidae,Melamphaes simus
Actinopterygii,Stephanoberyciformes,Melamphaidae,Melamphaes suborbitalis
Actinopterygii,Stephanoberyciformes,Melamphaidae,Melamphaes typhlops
Actinopterygii,Stephanoberyciformes,Melamphaidae,Poromitra capito
Actinopterygii,Stephanoberyciformes,Melamphaidae,Poromitra crassiceps
Actinopterygii,Stephanoberyciformes,Melamphaidae,Poromitra megalops
Actinopterygii,Stephanoberyciformes,Melamphaidae,Scopeloberyx opisthopterus
Actinopterygii,Stephanoberyciformes,Melamphaidae,Scopeloberyx robustus
Actinopterygii,Stephanoberyciformes,Melamphaidae,Scopeloberyx rubriventer
Actinopterygii,Stephanoberyciformes,Melamphaidae,Scopelogadus beanii
Actinopterygii,Stephanoberyciformes,Melamphaidae,Scopelogadus mizolepis
Actinopterygii,Stephanoberyciformes,Stephanoberycidae,Stephanoberyx monae
Actinopterygii,Stomiiformes,Gonostomatidae,Bonapartia pedaliota
Actinopterygii,Stomiiformes,Gonostomatidae,Cyclothone acclinidens
Actinopterygii,Stomiiformes,Gonostomatidae,Cyclothone alba
Actinopterygii,Stomiiformes,Gonostomatidae,Cyclothone atraria
Actinopterygii,Stomiiformes,Gonostomatidae,Cyclothone braueri
Actinopterygii,Stomiiformes,Gonostomatidae,Cyclothone microdon
Actinopterygii,Stomiiformes,Gonostomatidae,Cyclothone pallida
Actinopterygii,Stomiiformes,Gonostomatidae,Cyclothone pseudopallida
Actinopterygii,Stomiiformes,Gonostomatidae,Cyclothone signata
Actinopterygii,Stomiiformes,Gonostomatidae,Diplophos taenia
Actinopterygii,Stomiiformes,Gonostomatidae,Gonostoma atlanticum
Actinopterygii,Stomiiformes,Gonostomatidae,Gonostoma denudatum
Actinopterygii,Stomiiformes,Gonostomatidae,Manducus maderensis
Actinopterygii,Stomiiformes,Gonostomatidae,Margrethia obtusirostra
Actinopterygii,Stomiiformes,Gonostomatidae,Sigmops bathyphilus
Actinopterygii,Stomiiformes,Gonostomatidae,Sigmops elongatum
Actinopterygii,Stomiiformes,Gonostomatidae,Sigmops elongatus
Actinopterygii,Stomiiformes,Gonostomatidae,Sigmops gracile
Actinopterygii,Stomiiformes,Phosichthyidae,Ichthyococcus elongatus
Actinopterygii,Stomiiformes,Phosichthyidae,Ichthyococcus ovatus
Actinopterygii,Stomiiformes,Phosichthyidae,Pollichthys mauli
Actinopterygii,Stomiiformes,Phosichthyidae,Polymetme thaeocoryla
Actinopterygii,Stomiiformes,Phosichthyidae,Vinciguerria attenuata
Actinopterygii,Stomiiformes,Phosichthyidae,Vinciguerria nimbaria
Actinopterygii,Stomiiformes,Phosichthyidae,Vinciguerria poweriae
Actinopterygii,Stomiiformes,Sternoptychidae,Argyropelecus aculeatus
Actinopterygii,Stomiiformes,Sternoptychidae,Argyropelecus affinis
Actinopterygii,Stomiiformes,Sternoptychidae,Argyropelecus gigas
Actinopterygii,Stomiiformes,Sternoptychidae,Argyropelecus hemigymnus
Actinopterygii,Stomiiformes,Sternoptychidae,Argyropelecus lychnus
Actinopterygii,Stomiiformes,Sternoptychidae,Argyropelecus olfersii
Actinopterygii,Stomiiformes,Sternoptychidae,Argyropelecus sladeni
Actinopterygii,Stomiiformes,Sternoptychidae,Danaphos oculatus
Actinopterygii,Stomiiformes,Sternoptychidae,Maurolicus muelleri
Actinopterygii,Stomiiformes,Sternoptychidae,Maurolicus weitzmani
Actinopterygii,Stomiiformes,Sternoptychidae,Polyipnus asteroides
Actinopterygii,Stomiiformes,Sternoptychidae,Polyipnus clarus
Actinopterygii,Stomiiformes,Sternoptychidae,Polyipnus polli
Actinopterygii,Stomiiformes,Sternoptychidae,Sternoptyx diaphana
Actinopterygii,Stomiiformes,Sternoptychidae,Sternoptyx pseudobscura
Actinopterygii,Stomiiformes,Sternoptychidae,Valenciennellus tripunctulatus
Actinopterygii,Stomiiformes,Stomiidae,Aristostomias grimaldii
Actinopterygii,Stomiiformes,Stomiidae,Aristostomias lunifer
Actinopterygii,Stomiiformes,Stomiidae,Aristostomias polydactylus
Actinopterygii,Stomiiformes,Stomiidae,Aristostomias scintillans
Actinopterygii,Stomiiformes,Stomiidae,Aristostomias tittmanni
Actinopterygii,Stomiiformes,Stomiidae,Astronesthes cyanea
Actinopterygii,Stomiiformes,Stomiidae,Astronesthes cyaneus
Actinopterygii,Stomiiformes,Stomiidae,Astronesthes gemmifer
Actinopterygii,Stomiiformes,Stomiidae,Astronesthes indicus
Actinopterygii,Stomiiformes,Stomiidae,Astronesthes lampara
Actinopterygii,Stomiiformes,Stomiidae,Astronesthes leucopogon
Actinopterygii,Stomiiformes,Stomiidae,Astronesthes micropogon
Actinopterygii,Stomiiformes,Stomiidae,Astronesthes niger
Actinopterygii,Stomiiformes,Stomiidae,Astronesthes oligoa
Actinopterygii,Stomiiformes,Stomiidae,Astronesthes richardsoni
Actinopterygii,Stomiiformes,Stomiidae,Astronesthes similus
Actinopterygii,Stomiiformes,Stomiidae,Bathophilus brevis
Actinopterygii,Stomiiformes,Stomiidae,Bathophilus flemingi
Actinopterygii,Stomiiformes,Stomiidae,Bathophilus pawneei
Actinopterygii,Stomiiformes,Stomiidae,Bathophilus vaillanti
Actinopterygii,Stomiiformes,Stomiidae,Borostomias antarcticus
Actinopterygii,Stomiiformes,Stomiidae,Borostomias elucens
Actinopterygii,Stomiiformes,Stomiidae,Chauliodus danae
Actinopterygii,Stomiiformes,Stomiidae,Chauliodus macouni
Actinopterygii,Stomiiformes,Stomiidae,Chauliodus sloani
Actinopterygii,Stomiiformes,Stomiidae,Chirostomias pliopterus
Actinopterygii,Stomiiformes,Stomiidae,Echiostoma barbatum
Actinopterygii,Stomiiformes,Stomiidae,Eustomias acinosus
Actinopterygii,Stomiiformes,Stomiidae,Eustomias arborifer
Actinopterygii,Stomiiformes,Stomiidae,Eustomias austratlanticus
Actinopterygii,Stomiiformes,Stomiidae,Eustomias bibulbosus
Actinopterygii,Stomiiformes,Stomiidae,Eustomias bimargaritatus
Actinopterygii,Stomiiformes,Stomiidae,Eustomias bituberatus
Actinopterygii,Stomiiformes,Stomiidae,Eustomias brevibarbatus
Actinopterygii,Stomiiformes,Stomiidae,Eustomias dubius
Actinopterygii,Stomiiformes,Stomiidae,Eustomias enbarbatus
Actinopterygii,Stomiiformes,Stomiidae,Eustomias filifer
Actinopterygii,Stomiiformes,Stomiidae,Eustomias fissibarbis
Actinopterygii,Stomiiformes,Stomiidae,Eustomias jimcraddocki
Actinopterygii,Stomiiformes,Stomiidae,Eustomias kreffti
Actinopterygii,Stomiiformes,Stomiidae,Eustomias longibarba
Actinopterygii,Stomiiformes,Stomiidae,Eustomias melanostigma
Actinopterygii,Stomiiformes,Stomiidae,Eustomias monoclonus
Actinopterygii,Stomiiformes,Stomiidae,Eustomias monodactylus
Actinopterygii,Stomiiformes,Stomiidae,Eustomias obscurus
Actinopterygii,Stomiiformes,Stomiidae,Eustomias polyaster
Actinopterygii,Stomiiformes,Stomiidae,Eustomias schiffi
Actinopterygii,Stomiiformes,Stomiidae,Eustomias schmidti
Actinopterygii,Stomiiformes,Stomiidae,Eustomias silvescens
Actinopterygii,Stomiiformes,Stomiidae,Eustomias simplex
Actinopterygii,Stomiiformes,Stomiidae,Eustomias variabilis
Actinopterygii,Stomiiformes,Stomiidae,Flagellostomias boureei
Actinopterygii,Stomiiformes,Stomiidae,Grammatostomias dentatus
Actinopterygii,Stomiiformes,Stomiidae,Grammatostomias flagellibarba
Actinopterygii,Stomiiformes,Stomiidae,Idiacanthus antrostomus
Actinopterygii,Stomiiformes,Stomiidae,Idiacanthus fasciola
Actinopterygii,Stomiiformes,Stomiidae,Leptostomias gladiator
Actinopterygii,Stomiiformes,Stomiidae,Leptostomias haplocaulus
Actinopterygii,Stomiiformes,Stomiidae,Leptostomias longibarba
Actinopterygii,Stomiiformes,Stomiidae,Malacosteus danae
Actinopterygii,Stomiiformes,Stomiidae,Malacosteus niger
Actinopterygii,Stomiiformes,Stomiidae,Melanostomias bartonbeani
Actinopterygii,Stomiiformes,Stomiidae,Melanostomias biseriatus
Actinopterygii,Stomiiformes,Stomiidae,Melanostomias macrophotus
Actinopterygii,Stomiiformes,Stomiidae,Melanostomias margaritifer
Actinopterygii,Stomiiformes,Stomiidae,Melanostomias melanops
Actinopterygii,Stomiiformes,Stomiidae,Melanostomias tentaculatus
Actinopterygii,Stomiiformes,Stomiidae,Melanostomias valdiviae
Actinopterygii,Stomiiformes,Stomiidae,Neonesthes capensis
Actinopterygii,Stomiiformes,Stomiidae,Opostomias mitsuii
Actinopterygii,Stomiiformes,Stomiidae,Pachystomias microdon
Actinopterygii,Stomiiformes,Stomiidae,Photonectes albipennis
Actinopterygii,Stomiiformes,Stomiidae,Photonectes caerulescens
Actinopterygii,Stomiiformes,Stomiidae,Photonectes margarita
Actinopterygii,Stomiiformes,Stomiidae,Photonectes parvimanus
Actinopterygii,Stomiiformes,Stomiidae,Photostomias guernei
Actinopterygii,Stomiiformes,Stomiidae,Photostomias mirabilis
Actinopterygii,Stomiiformes,Stomiidae,Rhadinesthes decimus
Actinopterygii,Stomiiformes,Stomiidae,Stomias affinis
Actinopterygii,Stomiiformes,Stomiidae,Stomias boa
Actinopterygii,Stomiiformes,Stomiidae,Stomias brevibarbatus
Actinopterygii,Stomiiformes,Stomiidae,Stomias longibarbatus
Actinopterygii,Stomiiformes,Stomiidae,Tactostoma macropus
Actinopterygii,Stomiiformes,Stomiidae,Trigonolampa miriceps
Actinopterygii,Syngnathiformes,Centriscidae,Macroramphosus scolopax
Actinopterygii,Syngnathiformes,Centriscidae,Notopogon fernandezianus
Actinopterygii,Syngnathiformes,Fistulariidae,Fistularia petimba
Actinopterygii,Syngnathiformes,Fistulariidae,Fistularia tabacaria
Actinopterygii,Syngnathiformes,Syngnathidae,Acentronura dendritica
Actinopterygii,Syngnathiformes,Syngnathidae,Amphelikturus dendriticus
Actinopterygii,Syngnathiformes,Syngnathidae,Bryx dunckeri
Actinopterygii,Syngnathiformes,Syngnathidae,Hippocampus erectus
Actinopterygii,Syngnathiformes,Syngnathidae,Syngnathus fuscus
Actinopterygii,Syngnathiformes,Syngnathidae,Syngnathus leptorhynchus
Actinopterygii,Syngnathiformes,Syngnathidae,Syngnathus pelagicus
Actinopterygii,Syngnathiformes,Syngnathidae,Syngnathus springeri
Actinopterygii,Tetraodontiformes,Balistidae,Balistes capriscus
Actinopterygii,Tetraodontiformes,Balistidae,Balistes vetula
Actinopterygii,Tetraodontiformes,Balistidae,Canthidermis sufflamen
Actinopterygii,Tetraodontiformes,Balistidae,Xanthichthys ringens
Actinopterygii,Tetraodontiformes,Diodontidae,Chilomycterus reticulatus
Actinopterygii,Tetraodontiformes,Diodontidae,Chilomycterus schoepfii
Actinopterygii,Tetraodontiformes,Diodontidae,Diodon holocanthus
Actinopterygii,Tetraodontiformes,Molidae,Masturus lanceolatus
Actinopterygii,Tetraodontiformes,Molidae,Mola mola
Actinopterygii,Tetraodontiformes,Molidae,Ranzania laevis
Actinopterygii,Tetraodontiformes,Monacanthidae,Aluterus schoepfii
Actinopterygii,Tetraodontiformes,Monacanthidae,Aluterus scriptus
Actinopterygii,Tetraodontiformes,Monacanthidae,Monacanthus ciliatus
Actinopterygii,Tetraodontiformes,Monacanthidae,Stephanolepis hispidus
Actinopterygii,Tetraodontiformes,Ostraciidae,Acanthostracion quadricornis
Actinopterygii,Tetraodontiformes,Ostraciidae,Lactophrys trigonus
Actinopterygii,Tetraodontiformes,Ostraciidae,Lactophrys triqueter
Actinopterygii,Tetraodontiformes,Tetraodontidae,Lagocephalus lagocephalus
Actinopterygii,Tetraodontiformes,Tetraodontidae,Sphoeroides maculatus
Actinopterygii,Tetraodontiformes,Tetraodontidae,Sphoeroides pachygaster
Actinopterygii,Tetraodontiformes,Tetraodontidae,Sphoeroides spengleri
Actinopterygii,Tetraodontiformes,Tetraodontidae,Takifugu pardalis
Actinopterygii,Zeiformes,Caproidae,Antigonia capros
Actinopterygii,Zeiformes,Caproidae,Antigonia combatia
Actinopterygii,Zeiformes,Grammicolepididae,Grammicolepis brachiusculus
Actinopterygii,Zeiformes,Grammicolepididae,Xenolepidichthys dalgleishi
Actinopterygii,Zeiformes,Macrurocyttidae,Zenion hololepis
Actinopterygii,Zeiformes,Oreosomatidae,Allocyttus folletti
Actinopterygii,Zeiformes,Oreosomatidae,Allocyttus verrucosus
Actinopterygii,Zeiformes,Oreosomatidae,Neocyttus helgae
Actinopterygii,Zeiformes,Zeidae,Cyttopsis rosea
Actinopterygii,Zeiformes,Zeidae,Zenopsis conchifer
